Customer_Name,Province,Region,Customer_Segment,Cust_id
MUHAMMED MACINTYRE,NUNAVUT,NUNAVUT,SMALL BUSINESS,1
BARRY FRENCH,NUNAVUT,NUNAVUT,CONSUMER,2
CLAY ROZENDAL,NUNAVUT,NUNAVUT,CORPORATE,3
CARLOS SOLTERO,NUNAVUT,NUNAVUT,CONSUMER,4
CARL JACKSON,NUNAVUT,NUNAVUT,CORPORATE,5
MONICA FEDERLE,NUNAVUT,NUNAVUT,CORPORATE,6
DOROTHY BADDERS,NUNAVUT,NUNAVUT,HOME OFFICE,7
NEOLA SCHNEIDER,NUNAVUT,NUNAVUT,HOME OFFICE,8
CARLOS DALY,NUNAVUT,NUNAVUT,HOME OFFICE,9
CLAUDIA MINER,NUNAVUT,NUNAVUT,SMALL BUSINESS,10
ALLEN ROSENBLATT,NUNAVUT,NUNAVUT,SMALL BUSINESS,11
SYLVIA FOULSTON,NUNAVUT,NUNAVUT,HOME OFFICE,12
JIM RADFORD,NUNAVUT,NUNAVUT,CORPORATE,13
CARL LUDWIG,NUNAVUT,NUNAVUT,CORPORATE,14
DON MILLER,NUNAVUT,NUNAVUT,HOME OFFICE,15
ANNIE CYPRUS,NUNAVUT,NUNAVUT,HOME OFFICE,16
GRANT CARROLL,NUNAVUT,NUNAVUT,SMALL BUSINESS,17
ALAN BARNES,NUNAVUT,NUNAVUT,CORPORATE,18
JACK GARZA,NUNAVUT,NUNAVUT,CORPORATE,19
JULIA WEST,NUNAVUT,NUNAVUT,CORPORATE,20
EUGENE BARCHAS,NUNAVUT,NUNAVUT,CORPORATE,21
EDWARD HOOKS,NUNAVUT,NUNAVUT,CONSUMER,22
BRAD EASON,NUNAVUT,NUNAVUT,SMALL BUSINESS,23
NICOLE HANSEN,NUNAVUT,NUNAVUT,SMALL BUSINESS,24
DOROTHY WARDLE,NUNAVUT,NUNAVUT,CORPORATE,25
AARON BERGMAN,NUNAVUT,NUNAVUT,CORPORATE,26
DON JONES,NUNAVUT,NUNAVUT,CORPORATE,27
BETH THOMPSON,NUNAVUT,NUNAVUT,CORPORATE,28
FRANK PRICE,NUNAVUT,NUNAVUT,CORPORATE,29
MICHELLE LONSDALE,NUNAVUT,NUNAVUT,HOME OFFICE,30
ANN CHONG,NUNAVUT,NUNAVUT,CORPORATE,31
JOY BELL,NUNAVUT,NUNAVUT,HOME OFFICE,32
SKYE NORLING,NUNAVUT,NUNAVUT,HOME OFFICE,33
BARRY WEIRICH,NUNAVUT,NUNAVUT,CORPORATE,34
GRANT CARROLL,NUNAVUT,NUNAVUT,CORPORATE,35
ADRIAN HANE,NUNAVUT,NUNAVUT,CORPORATE,36
ANDREW GJERTSEN,NUNAVUT,NUNAVUT,CONSUMER,37
RALPH KNIGHT,NUNAVUT,NUNAVUT,CONSUMER,38
BETH PAIGE,NUNAVUT,NUNAVUT,CONSUMER,39
SYLVIA FOULSTON,NUNAVUT,NUNAVUT,CORPORATE,40
BETH PAIGE,NORTHWEST TERRITORIES,NORTHWEST TERRITORIES,CONSUMER,41
SYLVIA FOULSTON,NORTHWEST TERRITORIES,NORTHWEST TERRITORIES,CORPORATE,42
BRYAN DAVIS,NORTHWEST TERRITORIES,NORTHWEST TERRITORIES,CORPORATE,43
JOY BELL,NORTHWEST TERRITORIES,NORTHWEST TERRITORIES,HOME OFFICE,44
ALAN BARNES,NORTHWEST TERRITORIES,NORTHWEST TERRITORIES,CORPORATE,45
GRANT CARROLL,NORTHWEST TERRITORIES,NORTHWEST TERRITORIES,CORPORATE,46
DELFINA LATCHFORD,NORTHWEST TERRITORIES,NORTHWEST TERRITORIES,SMALL BUSINESS,47
DON JONES,NORTHWEST TERRITORIES,NORTHWEST TERRITORIES,CORPORATE,48
DOUG BICKFORD,NORTHWEST TERRITORIES,NORTHWEST TERRITORIES,CORPORATE,49
JAMIE KUNITZ,NORTHWEST TERRITORIES,NORTHWEST TERRITORIES,CORPORATE,50
ANTHONY JOHNSON,NORTHWEST TERRITORIES,NORTHWEST TERRITORIES,SMALL BUSINESS,51
RALPH KNIGHT,NORTHWEST TERRITORIES,NORTHWEST TERRITORIES,CONSUMER,52
ALLEN ROSENBLATT,NORTHWEST TERRITORIES,NORTHWEST TERRITORIES,SMALL BUSINESS,53
BARRY WEIRICH,NORTHWEST TERRITORIES,NORTHWEST TERRITORIES,CORPORATE,54
CARL JACKSON,NORTHWEST TERRITORIES,NORTHWEST TERRITORIES,HOME OFFICE,55
BRENDAN DODSON,NORTHWEST TERRITORIES,NORTHWEST TERRITORIES,CORPORATE,56
EDWARD HOOKS,NORTHWEST TERRITORIES,NORTHWEST TERRITORIES,CONSUMER,57
MICHELLE LONSDALE,NORTHWEST TERRITORIES,NORTHWEST TERRITORIES,HOME OFFICE,58
HUNTER GLANTZ,NORTHWEST TERRITORIES,NORTHWEST TERRITORIES,CORPORATE,59
EUGENE BARCHAS,NORTHWEST TERRITORIES,NORTHWEST TERRITORIES,HOME OFFICE,60
JIM RADFORD,NORTHWEST TERRITORIES,NORTHWEST TERRITORIES,CORPORATE,61
CARLOS SOLTERO,NORTHWEST TERRITORIES,NORTHWEST TERRITORIES,SMALL BUSINESS,62
GRANT CARROLL,NORTHWEST TERRITORIES,NORTHWEST TERRITORIES,SMALL BUSINESS,63
SKYE NORLING,NORTHWEST TERRITORIES,NORTHWEST TERRITORIES,HOME OFFICE,64
MUHAMMED MACINTYRE,NORTHWEST TERRITORIES,NORTHWEST TERRITORIES,SMALL BUSINESS,65
DOUG BICKFORD,NORTHWEST TERRITORIES,NORTHWEST TERRITORIES,SMALL BUSINESS,66
BETH THOMPSON,NORTHWEST TERRITORIES,NORTHWEST TERRITORIES,CORPORATE,67
DOROTHY BADDERS,NORTHWEST TERRITORIES,NORTHWEST TERRITORIES,HOME OFFICE,68
JULIA WEST,NORTHWEST TERRITORIES,NORTHWEST TERRITORIES,CORPORATE,69
BRAD EASON,NORTHWEST TERRITORIES,NORTHWEST TERRITORIES,SMALL BUSINESS,70
THOMAS SEIO,NORTHWEST TERRITORIES,NORTHWEST TERRITORIES,HOME OFFICE,71
MONICA FEDERLE,NORTHWEST TERRITORIES,NORTHWEST TERRITORIES,CORPORATE,72
FRANK PRICE,NORTHWEST TERRITORIES,NORTHWEST TERRITORIES,CORPORATE,73
NICOLE HANSEN,NORTHWEST TERRITORIES,NORTHWEST TERRITORIES,CORPORATE,74
NICOLE HANSEN,NORTHWEST TERRITORIES,NORTHWEST TERRITORIES,SMALL BUSINESS,75
CARLOS SOLTERO,NORTHWEST TERRITORIES,NORTHWEST TERRITORIES,CONSUMER,76
DON MILLER,NORTHWEST TERRITORIES,NORTHWEST TERRITORIES,HOME OFFICE,77
BECKY CASTELL,NORTHWEST TERRITORIES,NORTHWEST TERRITORIES,CONSUMER,78
DOROTHY WARDLE,NORTHWEST TERRITORIES,NORTHWEST TERRITORIES,CORPORATE,79
ANN CHONG,NORTHWEST TERRITORIES,NORTHWEST TERRITORIES,CORPORATE,80
CLAY ROZENDAL,NORTHWEST TERRITORIES,NORTHWEST TERRITORIES,CORPORATE,81
CARLOS DALY,NORTHWEST TERRITORIES,NORTHWEST TERRITORIES,HOME OFFICE,82
CARI SCHNELLING,NORTHWEST TERRITORIES,NORTHWEST TERRITORIES,HOME OFFICE,83
CHAD CUNNINGHAM,NORTHWEST TERRITORIES,NORTHWEST TERRITORIES,SMALL BUSINESS,84
BRYAN MILLS,NORTHWEST TERRITORIES,NORTHWEST TERRITORIES,SMALL BUSINESS,85
ADRIAN HANE,NORTHWEST TERRITORIES,NORTHWEST TERRITORIES,CORPORATE,86
RICK REED,NORTHWEST TERRITORIES,NORTHWEST TERRITORIES,CONSUMER,87
HEATHER KIRKLAND,NORTHWEST TERRITORIES,NORTHWEST TERRITORIES,HOME OFFICE,88
FRED WASSERMAN,NORTHWEST TERRITORIES,NORTHWEST TERRITORIES,HOME OFFICE,89
CLAUDIA MINER,NORTHWEST TERRITORIES,NORTHWEST TERRITORIES,SMALL BUSINESS,90
JACK LEBRON,NORTHWEST TERRITORIES,NORTHWEST TERRITORIES,CORPORATE,91
JULIA WEST,NORTHWEST TERRITORIES,NORTHWEST TERRITORIES,HOME OFFICE,92
EUGENE BARCHAS,NORTHWEST TERRITORIES,NORTHWEST TERRITORIES,CORPORATE,93
CARL LUDWIG,NORTHWEST TERRITORIES,NORTHWEST TERRITORIES,CORPORATE,94
JULIA WEST,NORTHWEST TERRITORIES,NORTHWEST TERRITORIES,SMALL BUSINESS,95
MIKE PELLETIER,NORTHWEST TERRITORIES,NORTHWEST TERRITORIES,CORPORATE,96
CHARLES MCCROSSIN,NORTHWEST TERRITORIES,NORTHWEST TERRITORIES,CORPORATE,97
ANNIE CYPRUS,NORTHWEST TERRITORIES,NORTHWEST TERRITORIES,HOME OFFICE,98
MICHELLE LONSDALE,NORTHWEST TERRITORIES,NORTHWEST TERRITORIES,CORPORATE,99
CHARLOTTE MELTON,NORTHWEST TERRITORIES,NORTHWEST TERRITORIES,HOME OFFICE,100
BARRY FRENCH,NORTHWEST TERRITORIES,NORTHWEST TERRITORIES,CONSUMER,101
HENRY GOLDWYN,NORTHWEST TERRITORIES,NORTHWEST TERRITORIES,SMALL BUSINESS,102
ROY SKARIA,NORTHWEST TERRITORIES,NORTHWEST TERRITORIES,CORPORATE,103
JEREMY LONSDALE,NORTHWEST TERRITORIES,NORTHWEST TERRITORIES,CORPORATE,104
CARLOS DALY,NORTHWEST TERRITORIES,NORTHWEST TERRITORIES,CORPORATE,105
CINDY SCHNELLING,NORTHWEST TERRITORIES,NORTHWEST TERRITORIES,CORPORATE,106
SUSAN VITTORINI,NORTHWEST TERRITORIES,NORTHWEST TERRITORIES,CORPORATE,107
TOBY BRAUNHARDT,NORTHWEST TERRITORIES,NORTHWEST TERRITORIES,CORPORATE,108
JULIA WEST,NORTHWEST TERRITORIES,NORTHWEST TERRITORIES,CONSUMER,109
SUSAN VITTORINI,NORTHWEST TERRITORIES,NORTHWEST TERRITORIES,HOME OFFICE,110
MIKE PELLETIER,NORTHWEST TERRITORIES,NORTHWEST TERRITORIES,SMALL BUSINESS,111
NEOLA SCHNEIDER,NORTHWEST TERRITORIES,NORTHWEST TERRITORIES,HOME OFFICE,112
CARI SCHNELLING,NORTHWEST TERRITORIES,NORTHWEST TERRITORIES,SMALL BUSINESS,113
ANDREW GJERTSEN,NORTHWEST TERRITORIES,NORTHWEST TERRITORIES,CONSUMER,114
RALPH ARNETT,NORTHWEST TERRITORIES,NORTHWEST TERRITORIES,CONSUMER,115
BRYAN MILLS,NORTHWEST TERRITORIES,NORTHWEST TERRITORIES,CORPORATE,116
GRANT CARROLL,PRINCE EDWARD ISLAND,ATLANTIC,SMALL BUSINESS,117
JULIA WEST,PRINCE EDWARD ISLAND,ATLANTIC,CONSUMER,118
MUHAMMED MACINTYRE,PRINCE EDWARD ISLAND,ATLANTIC,SMALL BUSINESS,119
SUSAN VITTORINI,PRINCE EDWARD ISLAND,ATLANTIC,CORPORATE,120
SYLVIA FOULSTON,PRINCE EDWARD ISLAND,ATLANTIC,CORPORATE,121
DOUG BICKFORD,PRINCE EDWARD ISLAND,ATLANTIC,CORPORATE,122
DOROTHY BADDERS,PRINCE EDWARD ISLAND,ATLANTIC,HOME OFFICE,123
HENRY GOLDWYN,PRINCE EDWARD ISLAND,ATLANTIC,SMALL BUSINESS,124
CHAD CUNNINGHAM,PRINCE EDWARD ISLAND,ATLANTIC,SMALL BUSINESS,125
BETH THOMPSON,PRINCE EDWARD ISLAND,ATLANTIC,CORPORATE,126
ANDREW GJERTSEN,PRINCE EDWARD ISLAND,ATLANTIC,CONSUMER,127
MICHELLE LONSDALE,PRINCE EDWARD ISLAND,ATLANTIC,CORPORATE,128
CARI SCHNELLING,PRINCE EDWARD ISLAND,ATLANTIC,SMALL BUSINESS,129
EDWARD HOOKS,PRINCE EDWARD ISLAND,ATLANTIC,CONSUMER,130
BRENDAN DODSON,PRINCE EDWARD ISLAND,ATLANTIC,CORPORATE,131
HAROLD ENGLE,PRINCE EDWARD ISLAND,ATLANTIC,CONSUMER,132
ROY FRENCH,PRINCE EDWARD ISLAND,ATLANTIC,CONSUMER,133
HELEN ABELMAN,PRINCE EDWARD ISLAND,ATLANTIC,HOME OFFICE,134
GUY ARMSTRONG,PRINCE EDWARD ISLAND,ATLANTIC,CORPORATE,135
JENNIFER BRAXTON,PRINCE EDWARD ISLAND,ATLANTIC,SMALL BUSINESS,136
GIULIETTA BAPTIST,PRINCE EDWARD ISLAND,ATLANTIC,HOME OFFICE,137
JACK LEBRON,PRINCE EDWARD ISLAND,ATLANTIC,CORPORATE,138
ERICA BERN,PRINCE EDWARD ISLAND,ATLANTIC,CORPORATE,139
CHRISTOPHER SCHILD,PRINCE EDWARD ISLAND,ATLANTIC,CORPORATE,140
JOY SMITH,PRINCE EDWARD ISLAND,ATLANTIC,CORPORATE,141
EVAN MINNOTTE,PRINCE EDWARD ISLAND,ATLANTIC,CORPORATE,142
JENNA CAFFEY,PRINCE EDWARD ISLAND,ATLANTIC,CONSUMER,143
HAROLD ENGLE,PRINCE EDWARD ISLAND,ATLANTIC,HOME OFFICE,144
HILARY HOLDEN,PRINCE EDWARD ISLAND,ATLANTIC,CORPORATE,145
GREG GUTHRIE,PRINCE EDWARD ISLAND,ATLANTIC,CORPORATE,146
JOY SMITH,PRINCE EDWARD ISLAND,ATLANTIC,CONSUMER,147
DAN REICHENBACH,PRINCE EDWARD ISLAND,ATLANTIC,CORPORATE,148
PAUL GONZALEZ,PRINCE EDWARD ISLAND,ATLANTIC,CORPORATE,149
FILIA MCADAMS,PRINCE EDWARD ISLAND,ATLANTIC,SMALL BUSINESS,150
GREG GUTHRIE,PRINCE EDWARD ISLAND,ATLANTIC,SMALL BUSINESS,151
CHUCK MAGEE,PRINCE EDWARD ISLAND,ATLANTIC,CORPORATE,152
FRANK ATKINSON,PRINCE EDWARD ISLAND,ATLANTIC,CORPORATE,153
CARLOS SOLTERO,PRINCE EDWARD ISLAND,ATLANTIC,CONSUMER,154
PHILIP BROWN,PRINCE EDWARD ISLAND,ATLANTIC,HOME OFFICE,155
ERICA BERN,PRINCE EDWARD ISLAND,ATLANTIC,SMALL BUSINESS,156
CARLOS SOLTERO,PRINCE EDWARD ISLAND,ATLANTIC,SMALL BUSINESS,157
JIM SINK,PRINCE EDWARD ISLAND,ATLANTIC,CORPORATE,158
PHILIP BROWN,PRINCE EDWARD ISLAND,ATLANTIC,CORPORATE,159
LOGAN HAUSHALTER,PRINCE EDWARD ISLAND,ATLANTIC,CORPORATE,160
NOAH CHILDS,PRINCE EDWARD ISLAND,ATLANTIC,HOME OFFICE,161
NOAH CHILDS,MANITOBA,PRARIE,HOME OFFICE,162
EVAN MINNOTTE,MANITOBA,PRARIE,CORPORATE,163
GUY ARMSTRONG,MANITOBA,PRARIE,CORPORATE,164
CHUCK MAGEE,MANITOBA,PRARIE,CORPORATE,165
GREG GUTHRIE,MANITOBA,PRARIE,SMALL BUSINESS,166
CARLOS SOLTERO,MANITOBA,PRARIE,SMALL BUSINESS,167
GREG GUTHRIE,MANITOBA,PRARIE,CORPORATE,168
CARLOS SOLTERO,MANITOBA,PRARIE,CONSUMER,169
CHRISTOPHER SCHILD,MANITOBA,PRARIE,CORPORATE,170
JOY SMITH,MANITOBA,PRARIE,CORPORATE,171
JOY SMITH,MANITOBA,PRARIE,CONSUMER,172
BRIAN MOSS,MANITOBA,PRARIE,CORPORATE,173
LOGAN HAUSHALTER,MANITOBA,PRARIE,CORPORATE,174
JIM SINK,MANITOBA,PRARIE,CORPORATE,175
JENNIFER BRAXTON,MANITOBA,PRARIE,SMALL BUSINESS,176
HAROLD ENGLE,MANITOBA,PRARIE,HOME OFFICE,177
HILARY HOLDEN,MANITOBA,PRARIE,CORPORATE,178
ERICA BERN,MANITOBA,PRARIE,CORPORATE,179
HAROLD ENGLE,MANITOBA,PRARIE,CONSUMER,180
HELEN ABELMAN,MANITOBA,PRARIE,HOME OFFICE,181
JACK LEBRON,BRITISH COLUMBIA,WEST,CORPORATE,182
GIULIETTA BAPTIST,BRITISH COLUMBIA,WEST,HOME OFFICE,183
JIM SINK,BRITISH COLUMBIA,WEST,CORPORATE,184
JULIE CREIGHTON,BRITISH COLUMBIA,WEST,CORPORATE,185
SANJIT CHAND,BRITISH COLUMBIA,WEST,HOME OFFICE,186
MATT COLLINS,BRITISH COLUMBIA,WEST,CONSUMER,187
JUSTIN KNIGHT,BRITISH COLUMBIA,WEST,CORPORATE,188
ROB HABERLIN,BRITISH COLUMBIA,WEST,CORPORATE,189
ROB HABERLIN,BRITISH COLUMBIA,WEST,CONSUMER,190
CHRISTINA VANDERZANDEN,BRITISH COLUMBIA,WEST,SMALL BUSINESS,191
LENA CACIOPPO,BRITISH COLUMBIA,WEST,HOME OFFICE,192
KIMBERLY CARTER,BRITISH COLUMBIA,WEST,HOME OFFICE,193
GENE HALE,BRITISH COLUMBIA,WEST,CONSUMER,194
SALLY KNUTSON,BRITISH COLUMBIA,WEST,CONSUMER,195
MARINA LICHTENSTEIN,BRITISH COLUMBIA,WEST,CORPORATE,196
MICHELLE ARNETT,BRITISH COLUMBIA,WEST,HOME OFFICE,197
SETH VERNON,BRITISH COLUMBIA,WEST,HOME OFFICE,198
LUKE WEISS,BRITISH COLUMBIA,WEST,CORPORATE,199
ANTHONY JOHNSON,BRITISH COLUMBIA,WEST,SMALL BUSINESS,200
KIMBERLY CARTER,BRITISH COLUMBIA,WEST,SMALL BUSINESS,201
SALLY KNUTSON,BRITISH COLUMBIA,WEST,CORPORATE,202
CHRISTINA DEMOSS,BRITISH COLUMBIA,WEST,HOME OFFICE,203
MONICA FEDERLE,BRITISH COLUMBIA,WEST,CORPORATE,204
JOY SMITH,BRITISH COLUMBIA,WEST,CONSUMER,205
SONIA SUNLEY,BRITISH COLUMBIA,WEST,SMALL BUSINESS,206
ANTHONY O'DONNELL,BRITISH COLUMBIA,WEST,CONSUMER,207
EMILY GRADY,BRITISH COLUMBIA,WEST,HOME OFFICE,208
ALEX AVILA,BRITISH COLUMBIA,WEST,HOME OFFICE,209
BRIAN MOSS,BRITISH COLUMBIA,WEST,CORPORATE,210
ANNA ANDREADI,BRITISH COLUMBIA,WEST,SMALL BUSINESS,211
BARBARA FISHER,BRITISH COLUMBIA,WEST,SMALL BUSINESS,212
KELLY WILLIAMS,BRITISH COLUMBIA,WEST,CORPORATE,213
SONIA SUNLEY,BRITISH COLUMBIA,WEST,CORPORATE,214
JOCASTA RUPERT,BRITISH COLUMBIA,WEST,CONSUMER,215
RICK DUSTON,BRITISH COLUMBIA,WEST,CORPORATE,216
ANGELE HOOD,BRITISH COLUMBIA,WEST,CONSUMER,217
DENNIS BOLTON,BRITISH COLUMBIA,WEST,CONSUMER,218
STEWART CARMICHAEL,BRITISH COLUMBIA,WEST,CORPORATE,219
ALEX AVILA,BRITISH COLUMBIA,WEST,CORPORATE,220
SARAH FOSTER,BRITISH COLUMBIA,WEST,CORPORATE,221
JIM KARLSSON,BRITISH COLUMBIA,WEST,SMALL BUSINESS,222
LISA DECHERNEY,BRITISH COLUMBIA,WEST,CORPORATE,223
ROY SKARIA,BRITISH COLUMBIA,WEST,CORPORATE,224
DENNIS BOLTON,BRITISH COLUMBIA,WEST,SMALL BUSINESS,225
PETER BUHLER,BRITISH COLUMBIA,WEST,CONSUMER,226
ANTHONY O'DONNELL,BRITISH COLUMBIA,WEST,CORPORATE,227
DANIEL LACY,BRITISH COLUMBIA,WEST,SMALL BUSINESS,228
GIULIETTA WEIMER,BRITISH COLUMBIA,WEST,CORPORATE,229
MIKE VITTORINI,BRITISH COLUMBIA,WEST,SMALL BUSINESS,230
LELA DONOVAN,BRITISH COLUMBIA,WEST,CORPORATE,231
SHAHID SHARIARI,BRITISH COLUMBIA,WEST,CORPORATE,232
TRUDY SCHMIDT,BRITISH COLUMBIA,WEST,SMALL BUSINESS,233
CHRISTOPHER MARTINEZ,BRITISH COLUMBIA,WEST,SMALL BUSINESS,234
MARC HARRIGAN,BRITISH COLUMBIA,WEST,HOME OFFICE,235
LIZ PRICE,BRITISH COLUMBIA,WEST,CONSUMER,236
RALPH KENNEDY,BRITISH COLUMBIA,WEST,CORPORATE,237
ROB DOWD,BRITISH COLUMBIA,WEST,CORPORATE,238
KHLOE MILLER,BRITISH COLUMBIA,WEST,HOME OFFICE,239
SHAHID HOPKINS,BRITISH COLUMBIA,WEST,SMALL BUSINESS,240
KRISTINA NUNN,BRITISH COLUMBIA,WEST,CONSUMER,241
RICARDO EMERSON,BRITISH COLUMBIA,WEST,CORPORATE,242
PATRICK O'BRILL,BRITISH COLUMBIA,WEST,HOME OFFICE,243
THOMAS BRUMLEY,BRITISH COLUMBIA,WEST,CONSUMER,244
VICKY FREYMANN,BRITISH COLUMBIA,WEST,HOME OFFICE,245
KHLOE MILLER,BRITISH COLUMBIA,WEST,CORPORATE,246
TONY CHAPMAN,BRITISH COLUMBIA,WEST,CONSUMER,247
LIZ PRICE,BRITISH COLUMBIA,WEST,CORPORATE,248
SARAH BERN,BRITISH COLUMBIA,WEST,CORPORATE,249
MARK COUSINS,BRITISH COLUMBIA,WEST,HOME OFFICE,250
MARK COUSINS,BRITISH COLUMBIA,WEST,CORPORATE,251
DANIEL BYRD,BRITISH COLUMBIA,WEST,HOME OFFICE,252
JOHN MURRAY,BRITISH COLUMBIA,WEST,SMALL BUSINESS,253
LENA HERNANDEZ,BRITISH COLUMBIA,WEST,HOME OFFICE,254
GREG MAXWELL,BRITISH COLUMBIA,WEST,HOME OFFICE,255
GIULIETTA WEIMER,BRITISH COLUMBIA,WEST,HOME OFFICE,256
JUSTIN HIRSH,BRITISH COLUMBIA,WEST,CONSUMER,257
SHAHID SHARIARI,BRITISH COLUMBIA,WEST,CONSUMER,258
SALLY KNUTSON,BRITISH COLUMBIA,WEST,SMALL BUSINESS,259
SALLY KNUTSON,BRITISH COLUMBIA,WEST,HOME OFFICE,260
HEATHER JAS,BRITISH COLUMBIA,WEST,CORPORATE,261
PHILISSE OVERCASH,BRITISH COLUMBIA,WEST,SMALL BUSINESS,262
NEIL KNUDSON,BRITISH COLUMBIA,WEST,HOME OFFICE,263
CATHY ARMSTRONG,BRITISH COLUMBIA,WEST,CONSUMER,264
NEIL KNUDSON,BRITISH COLUMBIA,WEST,CORPORATE,265
CHUCK CLARK,BRITISH COLUMBIA,WEST,CORPORATE,266
KHLOE MILLER,BRITISH COLUMBIA,WEST,CONSUMER,267
BILL EPLETT,BRITISH COLUMBIA,WEST,CORPORATE,268
JOHN GRADY,BRITISH COLUMBIA,WEST,CORPORATE,269
KHLOE MILLER,NOVA SCOTIA,ATLANTIC,HOME OFFICE,270
TONY CHAPMAN,NOVA SCOTIA,ATLANTIC,CONSUMER,271
RALPH KENNEDY,NOVA SCOTIA,ATLANTIC,CORPORATE,272
TRUDY SCHMIDT,NOVA SCOTIA,ATLANTIC,SMALL BUSINESS,273
GENE HALE,NOVA SCOTIA,ATLANTIC,CONSUMER,274
SARAH BERN,NOVA SCOTIA,ATLANTIC,CORPORATE,275
JUSTIN HIRSH,NOVA SCOTIA,ATLANTIC,CONSUMER,276
LIZ PRICE,NOVA SCOTIA,ATLANTIC,CONSUMER,277
GREG MAXWELL,NOVA SCOTIA,ATLANTIC,HOME OFFICE,278
MARC HARRIGAN,NOVA SCOTIA,ATLANTIC,HOME OFFICE,279
SALLY KNUTSON,NOVA SCOTIA,ATLANTIC,CORPORATE,280
GIULIETTA WEIMER,NOVA SCOTIA,ATLANTIC,CORPORATE,281
KRISTINA NUNN,NOVA SCOTIA,ATLANTIC,CONSUMER,282
CHUCK CLARK,NOVA SCOTIA,ATLANTIC,CORPORATE,283
SALLY KNUTSON,NOVA SCOTIA,ATLANTIC,CONSUMER,284
TANJA NORVELL,NOVA SCOTIA,ATLANTIC,CONSUMER,285
LIZ PRICE,NOVA SCOTIA,ATLANTIC,CORPORATE,286
VICKY FREYMANN,NOVA SCOTIA,ATLANTIC,HOME OFFICE,287
PHILISSE OVERCASH,NOVA SCOTIA,ATLANTIC,SMALL BUSINESS,288
PATRICK O'BRILL,NOVA SCOTIA,ATLANTIC,HOME OFFICE,289
CATHY ARMSTRONG,NOVA SCOTIA,ATLANTIC,CONSUMER,290
HEATHER JAS,NOVA SCOTIA,ATLANTIC,CORPORATE,291
LENA HERNANDEZ,NOVA SCOTIA,ATLANTIC,HOME OFFICE,292
SHAHID SHARIARI,NOVA SCOTIA,ATLANTIC,CONSUMER,293
KHLOE MILLER,NOVA SCOTIA,ATLANTIC,CONSUMER,294
PAUL MACINTYRE,NOVA SCOTIA,ATLANTIC,CORPORATE,295
MIKE VITTORINI,NOVA SCOTIA,ATLANTIC,SMALL BUSINESS,296
JOHN GRADY,NOVA SCOTIA,ATLANTIC,CORPORATE,297
RICARDO EMERSON,NOVA SCOTIA,ATLANTIC,CORPORATE,298
MATT ABELMAN,NOVA SCOTIA,ATLANTIC,CONSUMER,299
SARAH JORDON,NOVA SCOTIA,ATLANTIC,CONSUMER,300
SALLY MATTHIAS,NOVA SCOTIA,ATLANTIC,CORPORATE,301
SALLY MATTHIAS,NOVA SCOTIA,ATLANTIC,HOME OFFICE,302
THEONE PIPPENGER,NOVA SCOTIA,ATLANTIC,CORPORATE,303
ART FERGUSON,NOVA SCOTIA,ATLANTIC,CORPORATE,304
JACK O'BRIANT,NOVA SCOTIA,ATLANTIC,HOME OFFICE,305
NATHAN CANO,NOVA SCOTIA,ATLANTIC,CONSUMER,306
MICHAEL GRANLUND,NOVA SCOTIA,ATLANTIC,CORPORATE,307
STEVE CARROLL,NOVA SCOTIA,ATLANTIC,CONSUMER,308
SCOTT WILLIAMSON,NOVA SCOTIA,ATLANTIC,SMALL BUSINESS,309
DENNIS BOLTON,NOVA SCOTIA,ATLANTIC,SMALL BUSINESS,310
SEAN WENDT,NOVA SCOTIA,ATLANTIC,CORPORATE,311
JOHN CASTELL,NOVA SCOTIA,ATLANTIC,CONSUMER,312
JACK O'BRIANT,NOVA SCOTIA,ATLANTIC,SMALL BUSINESS,313
DAVID PHILIPPE,NOVA SCOTIA,ATLANTIC,CONSUMER,314
CHAD SIEVERT,NOVA SCOTIA,ATLANTIC,CORPORATE,315
MATT ABELMAN,NOVA SCOTIA,ATLANTIC,HOME OFFICE,316
SHAUN WEIEN,NOVA SCOTIA,ATLANTIC,HOME OFFICE,317
MAYA HERMAN,NOVA SCOTIA,ATLANTIC,CORPORATE,318
MICHAEL GRANLUND,NOVA SCOTIA,ATLANTIC,HOME OFFICE,319
JACK O'BRIANT,NOVA SCOTIA,ATLANTIC,CONSUMER,320
IVAN LISTON,NOVA SCOTIA,ATLANTIC,CONSUMER,321
BRAD NORVELL,NOVA SCOTIA,ATLANTIC,CORPORATE,322
KEN HEIDEL,NOVA SCOTIA,ATLANTIC,CORPORATE,323
JOHN CASTELL,NOVA SCOTIA,ATLANTIC,SMALL BUSINESS,324
MIKE KENNEDY,NOVA SCOTIA,ATLANTIC,SMALL BUSINESS,325
CHARLES SHELDON,NOVA SCOTIA,ATLANTIC,CORPORATE,326
MIKE KENNEDY,NOVA SCOTIA,ATLANTIC,CORPORATE,327
MATT ABELMAN,NOVA SCOTIA,ATLANTIC,SMALL BUSINESS,328
BRIAN DERR,NOVA SCOTIA,ATLANTIC,SMALL BUSINESS,329
ROLAND BLACK,NOVA SCOTIA,ATLANTIC,SMALL BUSINESS,330
DANA KAYDOS,NOVA SCOTIA,ATLANTIC,CORPORATE,331
DARREN KOUTRAS,NOVA SCOTIA,ATLANTIC,CONSUMER,332
NEIL DUCICH,NOVA SCOTIA,ATLANTIC,HOME OFFICE,333
SEAN WENDT,BRITISH COLUMBIA,WEST,CORPORATE,334
MIKE KENNEDY,BRITISH COLUMBIA,WEST,CORPORATE,335
MATT ABELMAN,BRITISH COLUMBIA,WEST,HOME OFFICE,336
SALLY MATTHIAS,BRITISH COLUMBIA,WEST,HOME OFFICE,337
STEVE CARROLL,BRITISH COLUMBIA,WEST,CONSUMER,338
JOHN CASTELL,BRITISH COLUMBIA,WEST,CONSUMER,339
NEIL DUCICH,BRITISH COLUMBIA,WEST,HOME OFFICE,340
PARHENA NORRIS,BRITISH COLUMBIA,WEST,HOME OFFICE,341
ROLAND BLACK,BRITISH COLUMBIA,WEST,SMALL BUSINESS,342
KEN HEIDEL,BRITISH COLUMBIA,WEST,CORPORATE,343
SARAH JORDON,BRITISH COLUMBIA,WEST,CONSUMER,344
JOHN CASTELL,BRITISH COLUMBIA,WEST,SMALL BUSINESS,345
BART WATTERS,BRITISH COLUMBIA,WEST,CORPORATE,346
MARY O'ROURKE,BRITISH COLUMBIA,WEST,HOME OFFICE,347
NATHAN CANO,BRITISH COLUMBIA,WEST,CONSUMER,348
MATT ABELMAN,BRITISH COLUMBIA,WEST,SMALL BUSINESS,349
MICHAEL GRANLUND,BRITISH COLUMBIA,WEST,HOME OFFICE,350
DANA KAYDOS,BRITISH COLUMBIA,WEST,CORPORATE,351
CHAD SIEVERT,BRITISH COLUMBIA,WEST,CORPORATE,352
HUNTER LOPEZ,BRITISH COLUMBIA,WEST,CONSUMER,353
NATHAN MAUTZ,BRITISH COLUMBIA,WEST,CORPORATE,354
SHAUN WEIEN,BRITISH COLUMBIA,WEST,HOME OFFICE,355
NATHAN MAUTZ,BRITISH COLUMBIA,WEST,HOME OFFICE,356
THEONE PIPPENGER,BRITISH COLUMBIA,WEST,CORPORATE,357
SCOTT WILLIAMSON,BRITISH COLUMBIA,WEST,SMALL BUSINESS,358
MIKE KENNEDY,BRITISH COLUMBIA,WEST,SMALL BUSINESS,359
MIKE KENNEDY,MANITOBA,PRARIE,CORPORATE,360
MARK COUSINS,MANITOBA,PRARIE,CORPORATE,361
ROLAND BLACK,MANITOBA,PRARIE,SMALL BUSINESS,362
BART WATTERS,MANITOBA,PRARIE,CORPORATE,363
MATT ABELMAN,MANITOBA,PRARIE,CONSUMER,364
PARHENA NORRIS,MANITOBA,PRARIE,HOME OFFICE,365
THEONE PIPPENGER,MANITOBA,PRARIE,CORPORATE,366
SALLY MATTHIAS,MANITOBA,PRARIE,HOME OFFICE,367
DANA KAYDOS,MANITOBA,PRARIE,CORPORATE,368
SEAN WENDT,MANITOBA,PRARIE,CORPORATE,369
NATHAN MAUTZ,MANITOBA,PRARIE,CORPORATE,370
AARON SMAYLING,MANITOBA,PRARIE,SMALL BUSINESS,371
CHARLES SHELDON,MANITOBA,PRARIE,CORPORATE,372
SHAUN WEIEN,MANITOBA,PRARIE,HOME OFFICE,373
MARY O'ROURKE,MANITOBA,PRARIE,HOME OFFICE,374
MARK COUSINS,MANITOBA,PRARIE,HOME OFFICE,375
BRAD NORVELL,MANITOBA,PRARIE,CORPORATE,376
CHAD SIEVERT,MANITOBA,PRARIE,CORPORATE,377
BRIAN DERR,MANITOBA,PRARIE,SMALL BUSINESS,378
NEIL DUCICH,MANITOBA,PRARIE,HOME OFFICE,379
SARAH JORDON,MANITOBA,PRARIE,CONSUMER,380
MIKE KENNEDY,MANITOBA,PRARIE,SMALL BUSINESS,381
MICHAEL GRANLUND,MANITOBA,PRARIE,HOME OFFICE,382
KEN HEIDEL,MANITOBA,PRARIE,CORPORATE,383
ART FERGUSON,MANITOBA,PRARIE,CORPORATE,384
STEVE CARROLL,MANITOBA,PRARIE,CONSUMER,385
NATHAN MAUTZ,MANITOBA,PRARIE,HOME OFFICE,386
MATT ABELMAN,MANITOBA,PRARIE,HOME OFFICE,387
NATHAN CANO,MANITOBA,PRARIE,CONSUMER,388
DENNIS BOLTON,MANITOBA,PRARIE,SMALL BUSINESS,389
JOEL JENKINS,MANITOBA,PRARIE,CORPORATE,390
MEG O'CONNEL,MANITOBA,PRARIE,CORPORATE,391
HALLIE REDMOND,MANITOBA,PRARIE,HOME OFFICE,392
LIZ THOMPSON,MANITOBA,PRARIE,CORPORATE,393
ROBERT WALDORF,MANITOBA,PRARIE,HOME OFFICE,394
HELEN ANDREADA,MANITOBA,PRARIE,CORPORATE,395
JULIA DUNBAR,MANITOBA,PRARIE,CONSUMER,396
CHRISTINE SUNDARESAM,MANITOBA,PRARIE,SMALL BUSINESS,397
BRUCE STEWART,MANITOBA,PRARIE,CORPORATE,398
GUY THORNTON,MANITOBA,PRARIE,CORPORATE,399
MARY ZEWE,MANITOBA,PRARIE,CORPORATE,400
KEN LONSDALE,MANITOBA,PRARIE,CONSUMER,401
MARIA BERTELSON,MANITOBA,PRARIE,HOME OFFICE,402
BRIAN THOMPSON,MANITOBA,PRARIE,HOME OFFICE,403
HALLIE REDMOND,MANITOBA,PRARIE,SMALL BUSINESS,404
JASON GROSS,MANITOBA,PRARIE,SMALL BUSINESS,405
KATRINA BAVINGER,MANITOBA,PRARIE,CONSUMER,406
MARIA BERTELSON,MANITOBA,PRARIE,CORPORATE,407
IVAN GIBSON,MANITOBA,PRARIE,CORPORATE,408
DOUG BICKFORD,ONTARIO,ONTARIO,CORPORATE,409
LIZ THOMPSON,ONTARIO,ONTARIO,CORPORATE,410
MARIA BERTELSON,ONTARIO,ONTARIO,HOME OFFICE,411
GUY THORNTON,ONTARIO,ONTARIO,CORPORATE,412
BRUCE STEWART,ONTARIO,ONTARIO,CORPORATE,413
BRIAN THOMPSON,ONTARIO,ONTARIO,HOME OFFICE,414
JOSEPH AIRDO,ONTARIO,ONTARIO,CORPORATE,415
CHRISTINA VANDERZANDEN,ONTARIO,ONTARIO,SMALL BUSINESS,416
JOSEPH AIRDO,ONTARIO,ONTARIO,CONSUMER,417
KEN LONSDALE,ONTARIO,ONTARIO,CONSUMER,418
ROBERT WALDORF,ONTARIO,ONTARIO,HOME OFFICE,419
KATRINA BAVINGER,ONTARIO,ONTARIO,CONSUMER,420
MEG O'CONNEL,ONTARIO,ONTARIO,SMALL BUSINESS,421
CHRISTINE SUNDARESAM,ONTARIO,ONTARIO,SMALL BUSINESS,422
LYCORIS SAUNDERS,ONTARIO,ONTARIO,HOME OFFICE,423
LYCORIS SAUNDERS,ONTARIO,ONTARIO,CORPORATE,424
DOROTHY DICKINSON,ONTARIO,ONTARIO,CORPORATE,425
MARY ZEWE,ONTARIO,ONTARIO,CORPORATE,426
JANET MOLINARI,ONTARIO,ONTARIO,CORPORATE,427
JULIE PRESCOTT,ONTARIO,ONTARIO,HOME OFFICE,428
MARIA BERTELSON,ONTARIO,ONTARIO,CORPORATE,429
ANNIE THURMAN,ONTARIO,ONTARIO,HOME OFFICE,430
MEG O'CONNEL,ONTARIO,ONTARIO,CORPORATE,431
ROB BEEGHLY,ONTARIO,ONTARIO,CONSUMER,432
IVAN GIBSON,ONTARIO,ONTARIO,CORPORATE,433
ANNIE THURMAN,ONTARIO,ONTARIO,CONSUMER,434
BILL EPLETT,ONTARIO,ONTARIO,CORPORATE,435
DOUG O'CONNELL,ONTARIO,ONTARIO,SMALL BUSINESS,436
CRAIG CARROLL,ONTARIO,ONTARIO,CORPORATE,437
LIZ MACKENDRICK,ONTARIO,ONTARIO,CORPORATE,438
CHRISTINE KARGATIS,ONTARIO,ONTARIO,SMALL BUSINESS,439
BOBBY ODEGARD,ONTARIO,ONTARIO,CORPORATE,440
CRAIG CARROLL,ONTARIO,ONTARIO,SMALL BUSINESS,441
RUSSELL APPLEGATE,ONTARIO,ONTARIO,HOME OFFICE,442
BILL DONATELLI,ONTARIO,ONTARIO,SMALL BUSINESS,443
BILL DONATELLI,ONTARIO,ONTARIO,CORPORATE,444
DUANE BENOIT,ONTARIO,ONTARIO,HOME OFFICE,445
BOBBY ODEGARD,ONTARIO,ONTARIO,CONSUMER,446
RUSSELL APPLEGATE,ONTARIO,ONTARIO,SMALL BUSINESS,447
JOEL JENKINS,ONTARIO,ONTARIO,CORPORATE,448
BRAD EASON,ONTARIO,ONTARIO,SMALL BUSINESS,449
JASON GROSS,ONTARIO,ONTARIO,SMALL BUSINESS,450
HAROLD PAWLAN,ONTARIO,ONTARIO,SMALL BUSINESS,451
ADAM BELLAVANCE,ONTARIO,ONTARIO,SMALL BUSINESS,452
CARI SAYRE,ONTARIO,ONTARIO,HOME OFFICE,453
LISA DECHERNEY,ONTARIO,ONTARIO,CORPORATE,454
ROY SKARIA,ONTARIO,ONTARIO,CORPORATE,455
SEAN O'DONNELL,ONTARIO,ONTARIO,CORPORATE,456
SUSAN VITTORINI,ONTARIO,ONTARIO,CORPORATE,457
SANDRA GLASSCO,ONTARIO,ONTARIO,HOME OFFICE,458
SKYE NORLING,ONTARIO,ONTARIO,HOME OFFICE,459
SUSAN VITTORINI,ONTARIO,ONTARIO,HOME OFFICE,460
SHIRLEY SCHMIDT,ONTARIO,ONTARIO,CORPORATE,461
RICK WILSON,ONTARIO,ONTARIO,CORPORATE,462
RICK WILSON,ONTARIO,ONTARIO,CONSUMER,463
PAULINE CHAND,ONTARIO,ONTARIO,CORPORATE,464
JENNIFER HALLADAY,ONTARIO,ONTARIO,HOME OFFICE,465
RITSA HIGHTOWER,ONTARIO,ONTARIO,CORPORATE,466
JONI BLUMSTEIN,ONTARIO,ONTARIO,HOME OFFICE,467
PETE ARMSTRONG,ONTARIO,ONTARIO,CONSUMER,468
PAULINE CHAND,ONTARIO,ONTARIO,SMALL BUSINESS,469
ANNA GAYMAN,ONTARIO,ONTARIO,CORPORATE,470
JONI BLUMSTEIN,ONTARIO,ONTARIO,CONSUMER,471
NAT GILPIN,ONTARIO,ONTARIO,CONSUMER,472
ROSE O'BRIAN,ONTARIO,ONTARIO,HOME OFFICE,473
BECKY CASTELL,ONTARIO,ONTARIO,CONSUMER,474
DANIEL RAGLIN,ONTARIO,ONTARIO,CORPORATE,475
CORINNA MITCHELL,ONTARIO,ONTARIO,CORPORATE,476
EVA JACOBS,ONTARIO,ONTARIO,HOME OFFICE,477
JAS O'CARROLL,ONTARIO,ONTARIO,CORPORATE,478
JAS O'CARROLL,ONTARIO,ONTARIO,HOME OFFICE,479
PAUL PROST,ONTARIO,ONTARIO,CORPORATE,480
PHILIP BROWN,ONTARIO,ONTARIO,HOME OFFICE,481
MICHAEL NGUYEN,ONTARIO,ONTARIO,SMALL BUSINESS,482
PHILIP BROWN,ONTARIO,ONTARIO,CORPORATE,483
LISA DECHERNEY,ONTARIO,ONTARIO,CONSUMER,484
PAUL MACINTYRE,ONTARIO,ONTARIO,CORPORATE,485
TAMARA DAHLEN,ONTARIO,ONTARIO,CORPORATE,486
ERIN CREIGHTON,ONTARIO,ONTARIO,CORPORATE,487
HENRY MACALLISTER,ONTARIO,ONTARIO,SMALL BUSINESS,488
CANDACE MCMAHON,ONTARIO,ONTARIO,CORPORATE,489
TAMARA CHAND,ONTARIO,ONTARIO,CONSUMER,490
DUANE HUFFMAN,ONTARIO,ONTARIO,SMALL BUSINESS,491
EDWARD NAZZAL,ONTARIO,ONTARIO,HOME OFFICE,492
KELLY LAMPKIN,ONTARIO,ONTARIO,CORPORATE,493
ANTHONY WITT,ONTARIO,ONTARIO,CORPORATE,494
TED TREVINO,ONTARIO,ONTARIO,CORPORATE,495
ED LUDWIG,ONTARIO,ONTARIO,CONSUMER,496
JEREMY ELLISON,ONTARIO,ONTARIO,SMALL BUSINESS,497
ALAN HWANG,ONTARIO,ONTARIO,CORPORATE,498
KELLY LAMPKIN,ONTARIO,ONTARIO,HOME OFFICE,499
EILEEN KIEFER,ONTARIO,ONTARIO,CONSUMER,500
JAMES LANIER,ONTARIO,ONTARIO,CORPORATE,501
EDWARD BECKER,ONTARIO,ONTARIO,CORPORATE,502
GARY ZANDUSKY,ONTARIO,ONTARIO,HOME OFFICE,503
ANN BLUME,ONTARIO,ONTARIO,CORPORATE,504
ERIN SMITH,ONTARIO,ONTARIO,HOME OFFICE,505
ALLEN GOLDEN,ONTARIO,ONTARIO,CONSUMER,506
FRANK CARLISLE,ONTARIO,ONTARIO,SMALL BUSINESS,507
GARY HANSEN,ONTARIO,ONTARIO,CONSUMER,508
NANCY LOMONACO,ONTARIO,ONTARIO,HOME OFFICE,509
ANNA HABERLIN,ONTARIO,ONTARIO,CORPORATE,510
ERIN ASHBROOK,ONTARIO,ONTARIO,CONSUMER,511
DARREN BUDD,ONTARIO,ONTARIO,CONSUMER,512
BILL STEWART,ONTARIO,ONTARIO,CORPORATE,513
CHRISTINE PHAN,ONTARIO,ONTARIO,SMALL BUSINESS,514
ALAN HWANG,ONTARIO,ONTARIO,SMALL BUSINESS,515
DARREN BUDD,ONTARIO,ONTARIO,CORPORATE,516
EUGENE HILDEBRAND,ONTARIO,ONTARIO,HOME OFFICE,517
EDWARD BECKER,ONTARIO,ONTARIO,HOME OFFICE,518
MELANIE PAGE,ONTARIO,ONTARIO,CORPORATE,519
JESUS OCAMPO,ONTARIO,ONTARIO,SMALL BUSINESS,520
DARREN POWERS,ONTARIO,ONTARIO,CORPORATE,521
PATRICK BZOSTEK,ONTARIO,ONTARIO,CONSUMER,522
DARREN BUDD,ONTARIO,ONTARIO,HOME OFFICE,523
GRACE KELLY,ONTARIO,ONTARIO,CONSUMER,524
DAN LAWERA,ONTARIO,ONTARIO,CORPORATE,525
GEORGE ASHBROOK,ONTARIO,ONTARIO,SMALL BUSINESS,526
DAVE HALLSTEN,ONTARIO,ONTARIO,HOME OFFICE,527
ARTHUR WIEDIGER,ONTARIO,ONTARIO,CORPORATE,528
DUANE HUFFMAN,ONTARIO,ONTARIO,CONSUMER,529
JIM MITCHUM,ONTARIO,ONTARIO,CONSUMER,530
ANDY YOTOV,ONTARIO,ONTARIO,CORPORATE,531
FRANK HAWLEY,ONTARIO,ONTARIO,HOME OFFICE,532
THERESA COYNE,ONTARIO,ONTARIO,HOME OFFICE,533
IVAN LISTON,ONTARIO,ONTARIO,CONSUMER,534
DAVID SMITH,ONTARIO,ONTARIO,SMALL BUSINESS,535
NARESJ PATEL,ONTARIO,ONTARIO,SMALL BUSINESS,536
RUBEN AUSMAN,ONTARIO,ONTARIO,CORPORATE,537
ROY FRENCH,ONTARIO,ONTARIO,CONSUMER,538
LARRY HUGHES,ONTARIO,ONTARIO,HOME OFFICE,539
MAGDELENE MORSE,ONTARIO,ONTARIO,HOME OFFICE,540
GEORGE ASHBROOK,ONTARIO,ONTARIO,CONSUMER,541
JONATHAN HOWELL,ONTARIO,ONTARIO,CONSUMER,542
LINDA CAZAMIAS,ONTARIO,ONTARIO,CORPORATE,543
NAT CARROLL,ONTARIO,ONTARIO,HOME OFFICE,544
GARY MITCHUM,ONTARIO,ONTARIO,CONSUMER,545
MATT HAGELSTEIN,ONTARIO,ONTARIO,HOME OFFICE,546
ANDY REITER,ONTARIO,ONTARIO,CORPORATE,547
MIKE CAUDLE,ONTARIO,ONTARIO,CORPORATE,548
CYNTHIA ARNTZEN,ONTARIO,ONTARIO,HOME OFFICE,549
EDWARD NAZZAL,ONTARIO,ONTARIO,SMALL BUSINESS,550
CYNTHIA ARNTZEN,ONTARIO,ONTARIO,SMALL BUSINESS,551
NOAH CHILDS,ONTARIO,ONTARIO,HOME OFFICE,552
BRIAN STUGART,ONTARIO,ONTARIO,CONSUMER,553
GEORGE BELL,ONTARIO,ONTARIO,CORPORATE,554
NARESJ PATEL,ONTARIO,ONTARIO,CORPORATE,555
JONI SUNDARESAM,ONTARIO,ONTARIO,HOME OFFICE,556
DAVE HALLSTEN,ONTARIO,ONTARIO,CORPORATE,557
MICHELLE HUTHWAITE,ONTARIO,ONTARIO,HOME OFFICE,558
DAVID PHILIPPE,ONTARIO,ONTARIO,CONSUMER,559
AMY COX,ONTARIO,ONTARIO,CORPORATE,560
CARI MACINTYRE,ONTARIO,ONTARIO,CORPORATE,561
EUDOKIA MARTIN,ONTARIO,ONTARIO,HOME OFFICE,562
FRED HOPKINS,ONTARIO,ONTARIO,HOME OFFICE,563
AMY COX,ONTARIO,ONTARIO,SMALL BUSINESS,564
AIMEE BIXBY,ONTARIO,ONTARIO,HOME OFFICE,565
ANEMONE RATNER,ONTARIO,ONTARIO,SMALL BUSINESS,566
CHRIS SELESNICK,ONTARIO,ONTARIO,HOME OFFICE,567
NOEL STAAVOS,ONTARIO,ONTARIO,HOME OFFICE,568
DEAN BRADEN,ONTARIO,ONTARIO,CORPORATE,569
LENA CREIGHTON,ONTARIO,ONTARIO,CORPORATE,570
MATT COLLISTER,ONTARIO,ONTARIO,HOME OFFICE,571
LENA CREIGHTON,ONTARIO,ONTARIO,HOME OFFICE,572
ERICA SMITH,ONTARIO,ONTARIO,SMALL BUSINESS,573
JANET MARTIN,ONTARIO,ONTARIO,CORPORATE,574
ANDREW ROBERTS,ONTARIO,ONTARIO,SMALL BUSINESS,575
MICHAEL DOMINGUEZ,ONTARIO,ONTARIO,HOME OFFICE,576
THOMAS BOLAND,ONTARIO,ONTARIO,CORPORATE,577
OLVERA TOCH,ONTARIO,ONTARIO,HOME OFFICE,578
LENA RADFORD,ONTARIO,ONTARIO,SMALL BUSINESS,579
SEAN CHRISTENSEN,ONTARIO,ONTARIO,HOME OFFICE,580
TODD BOYES,ONTARIO,ONTARIO,CONSUMER,581
TODD BOYES,ONTARIO,ONTARIO,SMALL BUSINESS,582
SEAN MILLER,ONTARIO,ONTARIO,SMALL BUSINESS,583
PHILLIP BREYER,ONTARIO,ONTARIO,CORPORATE,584
MICHELLE ELLISON,ONTARIO,ONTARIO,SMALL BUSINESS,585
MICHELLE ELLISON,ONTARIO,ONTARIO,CONSUMER,586
SCOT CORAM,ONTARIO,ONTARIO,CORPORATE,587
NATALIE FRITZLER,ONTARIO,ONTARIO,HOME OFFICE,588
NATHAN GELDER,ONTARIO,ONTARIO,HOME OFFICE,589
PATRICIA HIRASAKI,ONTARIO,ONTARIO,HOME OFFICE,590
MARIA ZETTNER,ONTARIO,ONTARIO,CORPORATE,591
MATTHEW CLASEN,ONTARIO,ONTARIO,CONSUMER,592
PATRICK O'DONNELL,ONTARIO,ONTARIO,HOME OFFICE,593
HARRY MARIE,ONTARIO,ONTARIO,CONSUMER,594
VICTORIA WILSON,ONTARIO,ONTARIO,HOME OFFICE,595
SHAHID COLLISTER,ONTARIO,ONTARIO,HOME OFFICE,596
KATRINA BAVINGER,ONTARIO,ONTARIO,HOME OFFICE,597
MICHELLE ELLISON,ONTARIO,ONTARIO,HOME OFFICE,598
THEA HENDRICKS,NEWFOUNDLAND,ATLANTIC,HOME OFFICE,599
COREY CATLETT,NEWFOUNDLAND,ATLANTIC,HOME OFFICE,600
ED JACOBS,NEWFOUNDLAND,ATLANTIC,SMALL BUSINESS,601
NOEL STAAVOS,NEWFOUNDLAND,ATLANTIC,HOME OFFICE,602
KEITH HERRERA,NEWFOUNDLAND,ATLANTIC,SMALL BUSINESS,603
CARLOS MEADOR,NEWFOUNDLAND,ATLANTIC,CORPORATE,604
CORINNA MITCHELL,NEWFOUNDLAND,ATLANTIC,CORPORATE,605
RAYMOND FAIR,NEWFOUNDLAND,ATLANTIC,SMALL BUSINESS,606
KARL BROWN,NEWFOUNDLAND,ATLANTIC,HOME OFFICE,607
NATALIE WEBBER,NEWFOUNDLAND,ATLANTIC,CONSUMER,608
ERIC BARRETO,NEWFOUNDLAND,ATLANTIC,CONSUMER,609
HUNTER LOPEZ,NEWFOUNDLAND,ATLANTIC,CONSUMER,610
BARRY FRANZ,NEWFOUNDLAND,ATLANTIC,CORPORATE,611
CRAIG YEDWAB,NEWFOUNDLAND,ATLANTIC,CORPORATE,612
ERIC BARRETO,NEWFOUNDLAND,ATLANTIC,SMALL BUSINESS,613
CHUCK SACHS,NEWFOUNDLAND,ATLANTIC,CONSUMER,614
MUHAMMED LEE,NEWFOUNDLAND,ATLANTIC,CONSUMER,615
KARL BROWN,NEWFOUNDLAND,ATLANTIC,CORPORATE,616
BOBBY TRAFTON,NEWFOUNDLAND,ATLANTIC,SMALL BUSINESS,617
DAVID FLASHING,NEWFOUNDLAND,ATLANTIC,HOME OFFICE,618
RICK DUSTON,NEWFOUNDLAND,ATLANTIC,CORPORATE,619
TROY STAEBEL,NEWFOUNDLAND,ATLANTIC,SMALL BUSINESS,620
NORA PAIGE,NEWFOUNDLAND,ATLANTIC,SMALL BUSINESS,621
AMY COX,NEWFOUNDLAND,ATLANTIC,SMALL BUSINESS,622
HAROLD DAHLEN,NEWFOUNDLAND,ATLANTIC,CORPORATE,623
JAY FINE,NEWFOUNDLAND,ATLANTIC,CONSUMER,624
DAN CAMPBELL,NEWFOUNDLAND,ATLANTIC,CORPORATE,625
GEORGE ZREBASSA,NEWFOUNDLAND,ATLANTIC,HOME OFFICE,626
ELENI MCCRARY,NEWFOUNDLAND,ATLANTIC,CORPORATE,627
FRANK ATKINSON,NEWFOUNDLAND,ATLANTIC,CORPORATE,628
ASTREA JONES,NEWFOUNDLAND,ATLANTIC,CORPORATE,629
GIULIETTA DORTCH,NEWFOUNDLAND,ATLANTIC,CONSUMER,630
CATHY HWANG,NEWFOUNDLAND,ATLANTIC,HOME OFFICE,631
DAMALA KOTSONIS,NEWFOUNDLAND,ATLANTIC,CORPORATE,632
DIANNA ARNETT,NEWFOUNDLAND,ATLANTIC,HOME OFFICE,633
FRED MCMATH,NEWFOUNDLAND,ATLANTIC,SMALL BUSINESS,634
CHRISTY BRITTAIN,NEWFOUNDLAND,ATLANTIC,CONSUMER,635
TOM PRESCOTT,NEWFOUNDLAND,ATLANTIC,SMALL BUSINESS,636
YANA SORENSEN,NEWFOUNDLAND,ATLANTIC,CORPORATE,637
HAROLD DAHLEN,NEWFOUNDLAND,ATLANTIC,CONSUMER,638
BRAD THOMAS,NEWFOUNDLAND,ATLANTIC,CORPORATE,639
CYNTHIA VOLTZ,NEWFOUNDLAND,ATLANTIC,CORPORATE,640
DEAN PERCER,NEWFOUNDLAND,ATLANTIC,CONSUMER,641
BEN PETERMAN,NEWFOUNDLAND,ATLANTIC,CORPORATE,642
TRACY PODDAR,NEWFOUNDLAND,ATLANTIC,CORPORATE,643
MICHAEL PAIGE,NEWFOUNDLAND,ATLANTIC,SMALL BUSINESS,644
COREY ROPER,NEWFOUNDLAND,ATLANTIC,SMALL BUSINESS,645
MAUREEN GASTINEAU,NEWFOUNDLAND,ATLANTIC,CONSUMER,646
MUHAMMED YEDWAB,NEWFOUNDLAND,ATLANTIC,CONSUMER,647
ALEX GRAYSON,NEWFOUNDLAND,ATLANTIC,CONSUMER,648
CHRIS CORTES,NEWFOUNDLAND,ATLANTIC,CONSUMER,649
DAN CAMPBELL,NEWFOUNDLAND,ATLANTIC,SMALL BUSINESS,650
SARA LUXEMBURG,NEWFOUNDLAND,ATLANTIC,SMALL BUSINESS,651
ERIC MURDOCK,NEWFOUNDLAND,ATLANTIC,HOME OFFICE,652
PAUL KNUTSON,NEWFOUNDLAND,ATLANTIC,CORPORATE,653
JANET MARTIN,NEWFOUNDLAND,ATLANTIC,CORPORATE,654
NICOLE BRENNAN,NEWFOUNDLAND,ATLANTIC,CONSUMER,655
JENNIFER PATT,NEWFOUNDLAND,ATLANTIC,HOME OFFICE,656
ELPIDA RITTENBACH,NOVA SCOTIA,ATLANTIC,CONSUMER,657
DAVID WIENER,NOVA SCOTIA,ATLANTIC,CONSUMER,658
PETER MCVEE,NOVA SCOTIA,ATLANTIC,SMALL BUSINESS,659
KAREN CARLISLE,NOVA SCOTIA,ATLANTIC,HOME OFFICE,660
STEFANIA PERRINO,NOVA SCOTIA,ATLANTIC,CORPORATE,661
JAY FINE,NOVA SCOTIA,ATLANTIC,CONSUMER,662
PAUL LUCAS,NOVA SCOTIA,ATLANTIC,CORPORATE,663
GEORGE ZREBASSA,NOVA SCOTIA,ATLANTIC,SMALL BUSINESS,664
GEORGE ZREBASSA,NOVA SCOTIA,ATLANTIC,HOME OFFICE,665
KARL BROWN,NOVA SCOTIA,ATLANTIC,CORPORATE,666
EVAN HENRY,NOVA SCOTIA,ATLANTIC,CORPORATE,667
KEITH HERRERA,NOVA SCOTIA,ATLANTIC,SMALL BUSINESS,668
ALYSSA TATE,NOVA SCOTIA,ATLANTIC,SMALL BUSINESS,669
MICHAEL STEWART,NOVA SCOTIA,ATLANTIC,SMALL BUSINESS,670
SHIRLEY JACKSON,NOVA SCOTIA,ATLANTIC,CORPORATE,671
BARRY WEIRICH,NOVA SCOTIA,ATLANTIC,CORPORATE,672
NATALIE WEBBER,NOVA SCOTIA,ATLANTIC,CORPORATE,673
DAMALA KOTSONIS,NOVA SCOTIA,ATLANTIC,CORPORATE,674
KAREN CARLISLE,NOVA SCOTIA,ATLANTIC,CORPORATE,675
NATALIE WEBBER,NOVA SCOTIA,ATLANTIC,CONSUMER,676
KATHERINE MURRAY,NOVA SCOTIA,ATLANTIC,HOME OFFICE,677
HUNTER LOPEZ,NOVA SCOTIA,ATLANTIC,CONSUMER,678
ERIC BARRETO,NOVA SCOTIA,ATLANTIC,SMALL BUSINESS,679
BARRY FRANZ,NOVA SCOTIA,ATLANTIC,CORPORATE,680
FRED MCMATH,NOVA SCOTIA,ATLANTIC,SMALL BUSINESS,681
BERENIKE KAMPE,NOVA SCOTIA,ATLANTIC,CORPORATE,682
DEAN PERCER,NOVA SCOTIA,ATLANTIC,HOME OFFICE,683
MUHAMMED LEE,NOVA SCOTIA,ATLANTIC,CONSUMER,684
NOEL STAAVOS,NOVA SCOTIA,ATLANTIC,HOME OFFICE,685
BOBBY TRAFTON,NOVA SCOTIA,ATLANTIC,SMALL BUSINESS,686
RICK DUSTON,NOVA SCOTIA,ATLANTIC,CORPORATE,687
KARL BROWN,NOVA SCOTIA,ATLANTIC,HOME OFFICE,688
ERICA HERNANDEZ,NOVA SCOTIA,ATLANTIC,SMALL BUSINESS,689
TONY MOLINARI,NOVA SCOTIA,ATLANTIC,CORPORATE,690
ELIZABETH MOFFITT,NOVA SCOTIA,ATLANTIC,CONSUMER,691
HAROLD DAHLEN,NOVA SCOTIA,ATLANTIC,CORPORATE,692
DAVID FLASHING,NOVA SCOTIA,ATLANTIC,HOME OFFICE,693
DAVID FLASHING,NOVA SCOTIA,ATLANTIC,CONSUMER,694
DEANRA ENO,NOVA SCOTIA,ATLANTIC,CORPORATE,695
CHUCK SACHS,NOVA SCOTIA,ATLANTIC,CONSUMER,696
CHRIS CORTES,NOVA SCOTIA,ATLANTIC,CONSUMER,697
RAYMOND FAIR,NOVA SCOTIA,ATLANTIC,SMALL BUSINESS,698
BOBBY TRAFTON,NOVA SCOTIA,ATLANTIC,CORPORATE,699
MARK PACKER,NOVA SCOTIA,ATLANTIC,SMALL BUSINESS,700
ANN BLUME,NOVA SCOTIA,ATLANTIC,SMALL BUSINESS,701
ALAN SHONELY,NOVA SCOTIA,ATLANTIC,SMALL BUSINESS,702
NORA PAIGE,NOVA SCOTIA,ATLANTIC,SMALL BUSINESS,703
FRANK ATKINSON,NOVA SCOTIA,ATLANTIC,CORPORATE,704
KATRINA WILLMAN,NOVA SCOTIA,ATLANTIC,CONSUMER,705
JANET MARTIN,NOVA SCOTIA,ATLANTIC,CORPORATE,706
ANTHONY GARVERICK,NOVA SCOTIA,ATLANTIC,SMALL BUSINESS,707
AARON HAWKINS,NOVA SCOTIA,ATLANTIC,HOME OFFICE,708
GIULIETTA DORTCH,NOVA SCOTIA,ATLANTIC,CONSUMER,709
CARLOS MEADOR,NOVA SCOTIA,ATLANTIC,CORPORATE,710
DAVE POIRIER,NOVA SCOTIA,ATLANTIC,SMALL BUSINESS,711
CHRISTY BRITTAIN,NOVA SCOTIA,ATLANTIC,CONSUMER,712
TROY STAEBEL,NOVA SCOTIA,ATLANTIC,SMALL BUSINESS,713
BRADLEY DRUCKER,NOVA SCOTIA,ATLANTIC,SMALL BUSINESS,714
MARK HABERLIN,NOVA SCOTIA,ATLANTIC,SMALL BUSINESS,715
BRAD THOMAS,NOVA SCOTIA,ATLANTIC,HOME OFFICE,716
BRAD THOMAS,NOVA SCOTIA,ATLANTIC,CORPORATE,717
ELENI MCCRARY,NOVA SCOTIA,ATLANTIC,CORPORATE,718
BRENDAN MURRY,NOVA SCOTIA,ATLANTIC,CORPORATE,719
PAUL KNUTSON,NOVA SCOTIA,ATLANTIC,CORPORATE,720
EMILY BURNS,NOVA SCOTIA,ATLANTIC,HOME OFFICE,721
MAUREEN GASTINEAU,NOVA SCOTIA,ATLANTIC,CONSUMER,722
ALEX GRAYSON,NOVA SCOTIA,ATLANTIC,CONSUMER,723
MICHAEL OAKMAN,NOVA SCOTIA,ATLANTIC,SMALL BUSINESS,724
DEBORAH BRUMFIELD,NOVA SCOTIA,ATLANTIC,SMALL BUSINESS,725
DIANNA ARNETT,NOVA SCOTIA,ATLANTIC,HOME OFFICE,726
AMY COX,NOVA SCOTIA,ATLANTIC,SMALL BUSINESS,727
SARA LUXEMBURG,NOVA SCOTIA,ATLANTIC,SMALL BUSINESS,728
ROBERT BARROSO,NOVA SCOTIA,ATLANTIC,SMALL BUSINESS,729
DARRIN SAYRE,NOVA SCOTIA,ATLANTIC,CONSUMER,730
DEBORAH BRUMFIELD,NOVA SCOTIA,ATLANTIC,CORPORATE,731
ELENI MCCRARY,NOVA SCOTIA,ATLANTIC,HOME OFFICE,732
MICHAEL KENNEDY,NOVA SCOTIA,ATLANTIC,CORPORATE,733
MARC CRIER,NOVA SCOTIA,ATLANTIC,CORPORATE,734
BOBBY ELIAS,NOVA SCOTIA,ATLANTIC,SMALL BUSINESS,735
JONI WASSERMAN,NOVA SCOTIA,ATLANTIC,CONSUMER,736
KAREN FERGUSON,NOVA SCOTIA,ATLANTIC,HOME OFFICE,737
NICOLE BRENNAN,NOVA SCOTIA,ATLANTIC,CONSUMER,738
GIULIETTA DORTCH,NOVA SCOTIA,ATLANTIC,CORPORATE,739
BRADLEY TALBOTT,NOVA SCOTIA,ATLANTIC,SMALL BUSINESS,740
BRADLEY TALBOTT,NOVA SCOTIA,ATLANTIC,CORPORATE,741
BRIAN STUGART,NOVA SCOTIA,ATLANTIC,CORPORATE,742
JULIA BARNETT,NOVA SCOTIA,ATLANTIC,CORPORATE,743
EMILY PHAN,NOVA SCOTIA,ATLANTIC,CONSUMER,744
LIZ WILLINGHAM,NOVA SCOTIA,ATLANTIC,HOME OFFICE,745
CRAIG YEDWAB,NOVA SCOTIA,ATLANTIC,CORPORATE,746
ANDY REITER,NOVA SCOTIA,ATLANTIC,CORPORATE,747
BEN PETERMAN,NOVA SCOTIA,ATLANTIC,CORPORATE,748
DENISE LEINENBACH,NOVA SCOTIA,ATLANTIC,HOME OFFICE,749
BILL TYLER,NOVA SCOTIA,ATLANTIC,CONSUMER,750
DENISE LEINENBACH,NOVA SCOTIA,ATLANTIC,CORPORATE,751
DEBRA CATINI,NOVA SCOTIA,ATLANTIC,SMALL BUSINESS,752
ANN BLUME,NOVA SCOTIA,ATLANTIC,CORPORATE,753
BECKY MARTIN,NOVA SCOTIA,ATLANTIC,HOME OFFICE,754
ERIC BARRETO,NOVA SCOTIA,ATLANTIC,CONSUMER,755
ASTREA JONES,NOVA SCOTIA,ATLANTIC,CORPORATE,756
COREY CATLETT,NOVA SCOTIA,ATLANTIC,HOME OFFICE,757
BENJAMIN VENIER,NOVA SCOTIA,ATLANTIC,SMALL BUSINESS,758
NORA PAIGE,NOVA SCOTIA,ATLANTIC,CONSUMER,759
TRACY PODDAR,NOVA SCOTIA,ATLANTIC,CORPORATE,760
BILL SHONELY,NOVA SCOTIA,ATLANTIC,SMALL BUSINESS,761
CRAIG YEDWAB,NOVA SCOTIA,ATLANTIC,CONSUMER,762
PIERRE WENER,NOVA SCOTIA,ATLANTIC,HOME OFFICE,763
DAN CAMPBELL,NOVA SCOTIA,ATLANTIC,CORPORATE,764
MICHAEL PAIGE,NOVA SCOTIA,ATLANTIC,SMALL BUSINESS,765
CATHY HWANG,NOVA SCOTIA,ATLANTIC,HOME OFFICE,766
SYLVIA FOULSTON,NOVA SCOTIA,ATLANTIC,CORPORATE,767
DAN CAMPBELL,NOVA SCOTIA,ATLANTIC,SMALL BUSINESS,768
JULIE KRIZ,NOVA SCOTIA,ATLANTIC,CORPORATE,769
SYLVIA FOULSTON,NOVA SCOTIA,ATLANTIC,CONSUMER,770
MUHAMMED YEDWAB,NOVA SCOTIA,ATLANTIC,CONSUMER,771
JENNIFER PATT,NOVA SCOTIA,ATLANTIC,HOME OFFICE,772
DAVID KENDRICK,NOVA SCOTIA,ATLANTIC,HOME OFFICE,773
DOUG JACOBS,NOVA SCOTIA,ATLANTIC,HOME OFFICE,774
LUKE FOSTER,NOVA SCOTIA,ATLANTIC,CORPORATE,775
BRIAN STUGART,NOVA SCOTIA,ATLANTIC,CONSUMER,776
SARA LUXEMBURG,NOVA SCOTIA,ATLANTIC,CORPORATE,777
DIANNA WILSON,NOVA SCOTIA,ATLANTIC,SMALL BUSINESS,778
DAVID SMITH,NOVA SCOTIA,ATLANTIC,SMALL BUSINESS,779
MICHELLE TRAN,QUEBEC,QUEBEC,CONSUMER,780
DAVE HALLSTEN,QUEBEC,QUEBEC,CORPORATE,781
SANJIT JACOBS,QUEBEC,QUEBEC,CONSUMER,782
BARRY GONZALEZ,QUEBEC,QUEBEC,CONSUMER,783
VIVIAN MATHIS,QUEBEC,QUEBEC,CORPORATE,784
VIVIAN MATHIS,QUEBEC,QUEBEC,HOME OFFICE,785
CAROL ADAMS,QUEBEC,QUEBEC,CORPORATE,786
VIVEK GONZALEZ,QUEBEC,QUEBEC,CONSUMER,787
BRADLEY NGUYEN,QUEBEC,QUEBEC,CONSUMER,788
MATT COLLISTER,QUEBEC,QUEBEC,HOME OFFICE,789
VIVIAN MATHIS,QUEBEC,QUEBEC,CONSUMER,790
MICHELLE TRAN,QUEBEC,QUEBEC,CORPORATE,791
PETE TAKAHITO,QUEBEC,QUEBEC,CORPORATE,792
RALPH ARNETT,QUEBEC,QUEBEC,CONSUMER,793
JASON KLAMCZYNSKI,QUEBEC,QUEBEC,SMALL BUSINESS,794
MICHELLE TRAN,QUEBEC,QUEBEC,HOME OFFICE,795
GREG TRAN,QUEBEC,QUEBEC,HOME OFFICE,796
GENE MCCLURE,QUEBEC,QUEBEC,HOME OFFICE,797
HELEN WASSERMAN,QUEBEC,QUEBEC,HOME OFFICE,798
HELEN WASSERMAN,QUEBEC,QUEBEC,CORPORATE,799
ROSS DEVINCENTIS,QUEBEC,QUEBEC,CORPORATE,800
JASON KLAMCZYNSKI,QUEBEC,QUEBEC,HOME OFFICE,801
VALERIE MITCHUM,QUEBEC,QUEBEC,HOME OFFICE,802
DAVE HALLSTEN,QUEBEC,QUEBEC,HOME OFFICE,803
BRADLEY NGUYEN,QUEBEC,QUEBEC,CORPORATE,804
BARRY GONZALEZ,QUEBEC,QUEBEC,SMALL BUSINESS,805
BART PISTOLE,QUEBEC,QUEBEC,CONSUMER,806
CHAD MCGUIRE,QUEBEC,QUEBEC,SMALL BUSINESS,807
SCOTT COHEN,QUEBEC,QUEBEC,CONSUMER,808
GENE MCCLURE,QUEBEC,QUEBEC,CONSUMER,809
VIVEK SUNDARESAM,QUEBEC,QUEBEC,HOME OFFICE,810
NATALIE DECHERNEY,QUEBEC,QUEBEC,CONSUMER,811
MICHELLE HUTHWAITE,QUEBEC,QUEBEC,HOME OFFICE,812
CYNTHIA DELANEY,QUEBEC,QUEBEC,CORPORATE,813
TOM STIVERS,QUEBEC,QUEBEC,CORPORATE,814
RICK REED,QUEBEC,QUEBEC,CONSUMER,815
GARY MCGARR,QUEBEC,QUEBEC,HOME OFFICE,816
CYNTHIA DELANEY,QUEBEC,QUEBEC,HOME OFFICE,817
TOM STIVERS,QUEBEC,QUEBEC,SMALL BUSINESS,818
BART PISTOLE,QUEBEC,QUEBEC,HOME OFFICE,819
DARREN BUDD,QUEBEC,QUEBEC,CORPORATE,820
LIZ WILLINGHAM,QUEBEC,QUEBEC,HOME OFFICE,821
STEFANIA PERRINO,QUEBEC,QUEBEC,CORPORATE,822
THEA HENDRICKS,QUEBEC,QUEBEC,HOME OFFICE,823
GRANT THORNTON,QUEBEC,QUEBEC,CORPORATE,824
CARLOS MEADOR,QUEBEC,QUEBEC,CONSUMER,825
CARLOS MEADOR,QUEBEC,QUEBEC,CORPORATE,826
DOUG JACOBS,QUEBEC,QUEBEC,HOME OFFICE,827
BECKY MARTIN,QUEBEC,QUEBEC,HOME OFFICE,828
SPEROS GORANITIS,QUEBEC,QUEBEC,CORPORATE,829
KATHERINE MURRAY,QUEBEC,QUEBEC,HOME OFFICE,830
MICHAEL PAIGE,QUEBEC,QUEBEC,SMALL BUSINESS,831
ROBERT BARROSO,QUEBEC,QUEBEC,SMALL BUSINESS,832
DEAN PERCER,QUEBEC,QUEBEC,HOME OFFICE,833
ANN BLUME,QUEBEC,QUEBEC,SMALL BUSINESS,834
DAMALA KOTSONIS,QUEBEC,QUEBEC,CORPORATE,835
PAUL KNUTSON,QUEBEC,QUEBEC,CORPORATE,836
GEORGE ZREBASSA,QUEBEC,QUEBEC,HOME OFFICE,837
NOEL STAAVOS,QUEBEC,QUEBEC,HOME OFFICE,838
AARON HAWKINS,QUEBEC,QUEBEC,HOME OFFICE,839
ELLIS BALLARD,QUEBEC,QUEBEC,CORPORATE,840
TOM PRESCOTT,QUEBEC,QUEBEC,SMALL BUSINESS,841
DIANNA ARNETT,QUEBEC,QUEBEC,HOME OFFICE,842
CHUCK SACHS,QUEBEC,QUEBEC,CONSUMER,843
BILL SHONELY,QUEBEC,QUEBEC,SMALL BUSINESS,844
ERIC BARRETO,QUEBEC,QUEBEC,CONSUMER,845
DAVE POIRIER,QUEBEC,QUEBEC,SMALL BUSINESS,846
DAVID FLASHING,QUEBEC,QUEBEC,HOME OFFICE,847
ELIZABETH MOFFITT,QUEBEC,QUEBEC,CONSUMER,848
BEN PETERMAN,QUEBEC,QUEBEC,CORPORATE,849
BRAD THOMAS,QUEBEC,QUEBEC,HOME OFFICE,850
YANA SORENSEN,QUEBEC,QUEBEC,CORPORATE,851
JANET MARTIN,QUEBEC,QUEBEC,CORPORATE,852
DEBRA CATINI,QUEBEC,QUEBEC,SMALL BUSINESS,853
DAN CAMPBELL,QUEBEC,QUEBEC,SMALL BUSINESS,854
SYLVIA FOULSTON,QUEBEC,QUEBEC,CORPORATE,855
ALEX GRAYSON,QUEBEC,QUEBEC,CONSUMER,856
BARRY FRANZ,QUEBEC,QUEBEC,CORPORATE,857
ANTHONY GARVERICK,QUEBEC,QUEBEC,SMALL BUSINESS,858
ASTREA JONES,QUEBEC,QUEBEC,CORPORATE,859
CATHY HWANG,QUEBEC,QUEBEC,HOME OFFICE,860
DEBORAH BRUMFIELD,QUEBEC,QUEBEC,CORPORATE,861
FRANK ATKINSON,QUEBEC,QUEBEC,CORPORATE,862
JULIE KRIZ,QUEBEC,QUEBEC,CORPORATE,863
ERICA HERNANDEZ,QUEBEC,QUEBEC,SMALL BUSINESS,864
BOBBY ELIAS,QUEBEC,QUEBEC,SMALL BUSINESS,865
JONI WASSERMAN,QUEBEC,QUEBEC,CONSUMER,866
JENNIFER PATT,QUEBEC,QUEBEC,HOME OFFICE,867
DIANNA WILSON,QUEBEC,QUEBEC,SMALL BUSINESS,868
EMILY PHAN,QUEBEC,QUEBEC,CONSUMER,869
KARL BROWN,QUEBEC,QUEBEC,HOME OFFICE,870
MARIBETH DONA,QUEBEC,QUEBEC,HOME OFFICE,871
EVAN HENRY,QUEBEC,QUEBEC,CORPORATE,872
BILL TYLER,QUEBEC,QUEBEC,CONSUMER,873
DENISE LEINENBACH,QUEBEC,QUEBEC,HOME OFFICE,874
MICHAEL STEWART,QUEBEC,QUEBEC,SMALL BUSINESS,875
CORINNA MITCHELL,QUEBEC,QUEBEC,CORPORATE,876
MICHAEL KENNEDY,QUEBEC,QUEBEC,CORPORATE,877
ALAN SHONELY,QUEBEC,QUEBEC,SMALL BUSINESS,878
SHIRLEY JACKSON,QUEBEC,QUEBEC,CORPORATE,879
FRED MCMATH,QUEBEC,QUEBEC,SMALL BUSINESS,880
ANDY REITER,QUEBEC,QUEBEC,CORPORATE,881
KARL BROWN,QUEBEC,QUEBEC,CORPORATE,882
MUHAMMED LEE,QUEBEC,QUEBEC,CONSUMER,883
PIERRE WENER,QUEBEC,QUEBEC,HOME OFFICE,884
PAUL LUCAS,QUEBEC,QUEBEC,CORPORATE,885
BENJAMIN VENIER,QUEBEC,QUEBEC,SMALL BUSINESS,886
HAROLD DAHLEN,QUEBEC,QUEBEC,CORPORATE,887
ERIC BARRETO,QUEBEC,QUEBEC,SMALL BUSINESS,888
TROY STAEBEL,QUEBEC,QUEBEC,SMALL BUSINESS,889
TRACY PODDAR,QUEBEC,QUEBEC,CORPORATE,890
BOBBY TRAFTON,QUEBEC,QUEBEC,CORPORATE,891
TONY MOLINARI,QUEBEC,QUEBEC,CORPORATE,892
RICK DUSTON,QUEBEC,QUEBEC,CORPORATE,893
BRENDAN MURRY,QUEBEC,QUEBEC,CORPORATE,894
CHRISTY BRITTAIN,QUEBEC,QUEBEC,CONSUMER,895
CRAIG YEDWAB,QUEBEC,QUEBEC,CONSUMER,896
BOBBY TRAFTON,QUEBEC,QUEBEC,SMALL BUSINESS,897
KATRINA WILLMAN,QUEBEC,QUEBEC,CONSUMER,898
GIULIETTA DORTCH,QUEBEC,QUEBEC,CONSUMER,899
PETER MCVEE,QUEBEC,QUEBEC,SMALL BUSINESS,900
COREY LOCK,QUEBEC,QUEBEC,HOME OFFICE,901
BRADLEY DRUCKER,QUEBEC,QUEBEC,SMALL BUSINESS,902
DARRIN SAYRE,QUEBEC,QUEBEC,CONSUMER,903
DEANRA ENO,QUEBEC,QUEBEC,CORPORATE,904
BRAD THOMAS,QUEBEC,QUEBEC,CORPORATE,905
MARK PACKER,QUEBEC,QUEBEC,SMALL BUSINESS,906
ELENI MCCRARY,QUEBEC,QUEBEC,CORPORATE,907
BART FOLK,QUEBEC,QUEBEC,CORPORATE,908
DEAN PERCER,QUEBEC,QUEBEC,CONSUMER,909
SYLVIA FOULSTON,QUEBEC,QUEBEC,HOME OFFICE,910
SARA LUXEMBURG,QUEBEC,QUEBEC,SMALL BUSINESS,911
KEITH HERRERA,QUEBEC,QUEBEC,CORPORATE,912
KEITH HERRERA,QUEBEC,QUEBEC,SMALL BUSINESS,913
CYNTHIA VOLTZ,QUEBEC,QUEBEC,CORPORATE,914
MICHAEL OAKMAN,QUEBEC,QUEBEC,SMALL BUSINESS,915
DAVID KENDRICK,QUEBEC,QUEBEC,HOME OFFICE,916
NICOLE BRENNAN,QUEBEC,QUEBEC,HOME OFFICE,917
BRIAN STUGART,QUEBEC,QUEBEC,CONSUMER,918
KAREN FERGUSON,QUEBEC,QUEBEC,HOME OFFICE,919
MARK HABERLIN,QUEBEC,QUEBEC,SMALL BUSINESS,920
GIULIETTA DORTCH,QUEBEC,QUEBEC,CORPORATE,921
DEBORAH BRUMFIELD,QUEBEC,QUEBEC,SMALL BUSINESS,922
MAUREEN GASTINEAU,QUEBEC,QUEBEC,CONSUMER,923
JULIA BARNETT,QUEBEC,QUEBEC,CORPORATE,924
ANNE PRYOR,QUEBEC,QUEBEC,CONSUMER,925
JUSTIN HIRSH,QUEBEC,QUEBEC,CONSUMER,926
DORRIS LOVE,QUEBEC,QUEBEC,HOME OFFICE,927
BILL EPLETT,QUEBEC,QUEBEC,CORPORATE,928
CAROLINE JUMPER,QUEBEC,QUEBEC,CORPORATE,929
PAMELA STOBB,QUEBEC,QUEBEC,CONSUMER,930
AARON SMAYLING,QUEBEC,QUEBEC,SMALL BUSINESS,931
JASPER CACIOPPO,QUEBEC,QUEBEC,HOME OFFICE,932
ALAN HAINES,QUEBEC,QUEBEC,CONSUMER,933
LOGAN HAUSHALTER,QUEBEC,QUEBEC,CORPORATE,934
LENA CACIOPPO,QUEBEC,QUEBEC,HOME OFFICE,935
DEIRDRE GREER,QUEBEC,QUEBEC,HOME OFFICE,936
JOHN STEVENSON,QUEBEC,QUEBEC,SMALL BUSINESS,937
SHERI GORDON,QUEBEC,QUEBEC,CORPORATE,938
BEN WALLACE,QUEBEC,QUEBEC,HOME OFFICE,939
MAX ENGLE,QUEBEC,QUEBEC,CORPORATE,940
FRED CHUNG,QUEBEC,QUEBEC,CORPORATE,941
DENNIS KANE,QUEBEC,QUEBEC,SMALL BUSINESS,942
PHILLIP FLATHMANN,QUEBEC,QUEBEC,SMALL BUSINESS,943
MATHEW REESE,QUEBEC,QUEBEC,SMALL BUSINESS,944
STUART VAN,QUEBEC,QUEBEC,CONSUMER,945
BRENDA BOWMAN,QUEBEC,QUEBEC,SMALL BUSINESS,946
DANIEL LACY,QUEBEC,QUEBEC,SMALL BUSINESS,947
JENNIFER FERGUSON,QUEBEC,QUEBEC,CORPORATE,948
THERESA SWINT,QUEBEC,QUEBEC,CONSUMER,949
ALAN HAINES,QUEBEC,QUEBEC,HOME OFFICE,950
KATHERINE NOCKTON,QUEBEC,QUEBEC,HOME OFFICE,951
STEWART VISINSKY,QUEBEC,QUEBEC,CORPORATE,952
JEREMY FARRY,QUEBEC,QUEBEC,SMALL BUSINESS,953
CLAY LUDTKE,QUEBEC,QUEBEC,CONSUMER,954
LAUREL ELLISTON,QUEBEC,QUEBEC,CORPORATE,955
KATHERINE NOCKTON,QUEBEC,QUEBEC,CORPORATE,956
THERESA SWINT,QUEBEC,QUEBEC,SMALL BUSINESS,957
JEREMY LONSDALE,QUEBEC,QUEBEC,CORPORATE,958
MITCH WEBBER,QUEBEC,QUEBEC,CORPORATE,959
SHIRLEY SCHMIDT,QUEBEC,QUEBEC,CORPORATE,960
CAROL TRIGGS,QUEBEC,QUEBEC,HOME OFFICE,961
JUSTIN MACKENDRICK,QUEBEC,QUEBEC,CORPORATE,962
JENNIFER FERGUSON,QUEBEC,QUEBEC,HOME OFFICE,963
SARAH BROWN,QUEBEC,QUEBEC,CONSUMER,964
ANNE PRYOR,QUEBEC,QUEBEC,HOME OFFICE,965
TONY SAYRE,QUEBEC,QUEBEC,SMALL BUSINESS,966
KAREN FERGUSON,QUEBEC,QUEBEC,CORPORATE,967
DIONIS LLOYD,QUEBEC,QUEBEC,SMALL BUSINESS,968
CAROL TRIGGS,QUEBEC,QUEBEC,CORPORATE,969
LINDSAY CASTELL,QUEBEC,QUEBEC,SMALL BUSINESS,970
MICHAEL CHEN,QUEBEC,QUEBEC,CONSUMER,971
TONY SAYRE,QUEBEC,QUEBEC,HOME OFFICE,972
THERESA SWINT,QUEBEC,QUEBEC,HOME OFFICE,973
DORRIS LOVE,QUEBEC,QUEBEC,CORPORATE,974
LAUREL ELLISTON,QUEBEC,QUEBEC,HOME OFFICE,975
TOBY CARLISLE,QUEBEC,QUEBEC,HOME OFFICE,976
TED BUTTERFIELD,QUEBEC,QUEBEC,CORPORATE,977
NORA PRICE,QUEBEC,QUEBEC,HOME OFFICE,978
LIZ WILLINGHAM,QUEBEC,QUEBEC,CORPORATE,979
LINDSAY CASTELL,QUEBEC,QUEBEC,CORPORATE,980
ANNE PRYOR,QUEBEC,QUEBEC,CORPORATE,981
NORA PRICE,QUEBEC,QUEBEC,SMALL BUSINESS,982
MUHAMMED YEDWAB,QUEBEC,QUEBEC,CONSUMER,983
BRENDA BOWMAN,QUEBEC,QUEBEC,HOME OFFICE,984
KIMBERLY CARTER,QUEBEC,QUEBEC,SMALL BUSINESS,985
BRIAN THOMPSON,QUEBEC,QUEBEC,HOME OFFICE,986
KIMBERLY CARTER,QUEBEC,QUEBEC,HOME OFFICE,987
SHIRLEY DANIELS,QUEBEC,QUEBEC,CORPORATE,988
ARTHUR GAINER,QUEBEC,QUEBEC,CORPORATE,989
TRACY PODDAR,ONTARIO,ONTARIO,CORPORATE,990
STUART CALHOUN,ONTARIO,ONTARIO,CONSUMER,991
ARTHUR PRICHEP,ONTARIO,ONTARIO,HOME OFFICE,992
KEAN NGUYEN,ONTARIO,ONTARIO,CORPORATE,993
JIM KRIZ,ONTARIO,ONTARIO,CONSUMER,994
HAROLD RYAN,ONTARIO,ONTARIO,HOME OFFICE,995
JOHN LUCAS,ONTARIO,ONTARIO,CORPORATE,996
ALEJANDRO GROVE,ONTARIO,ONTARIO,CORPORATE,997
SAM ZELDIN,ONTARIO,ONTARIO,SMALL BUSINESS,998
SALLY HUGHSBY,ONTARIO,ONTARIO,CONSUMER,999
JANE WACO,ONTARIO,ONTARIO,CORPORATE,1000
SANDRA FLANAGAN,ONTARIO,ONTARIO,HOME OFFICE,1001
STEVE NGUYEN,ONTARIO,ONTARIO,CONSUMER,1002
HERBERT FLENTYE,ONTARIO,ONTARIO,SMALL BUSINESS,1003
SANDRA FLANAGAN,ONTARIO,ONTARIO,CORPORATE,1004
LIZ WILLINGHAM,ONTARIO,ONTARIO,HOME OFFICE,1005
XYLONA PRICE,ONTARIO,ONTARIO,CORPORATE,1006
JOHN LUCAS,ONTARIO,ONTARIO,SMALL BUSINESS,1007
BILL OVERFELT,ONTARIO,ONTARIO,CORPORATE,1008
JOHN GRADY,ONTARIO,ONTARIO,CORPORATE,1009
ROBERT MARLEY,ONTARIO,ONTARIO,CORPORATE,1010
MICK HERNANDEZ,ONTARIO,ONTARIO,HOME OFFICE,1011
GUY PHONELY,ONTARIO,ONTARIO,CORPORATE,1012
JAY KIMMEL,ONTARIO,ONTARIO,SMALL BUSINESS,1013
MATT CONNELL,ONTARIO,ONTARIO,CORPORATE,1014
STEVE NGUYEN,ONTARIO,ONTARIO,SMALL BUSINESS,1015
VIVEK GRADY,ONTARIO,ONTARIO,HOME OFFICE,1016
BEN FERRER,ONTARIO,ONTARIO,CORPORATE,1017
KAREN DANIELS,ONTARIO,ONTARIO,CONSUMER,1018
PAMELA COAKLEY,ONTARIO,ONTARIO,CORPORATE,1019
KATHERINE NOCKTON,ONTARIO,ONTARIO,HOME OFFICE,1020
DENNY BLANTON,ONTARIO,ONTARIO,HOME OFFICE,1021
KATHERINE NOCKTON,ONTARIO,ONTARIO,CORPORATE,1022
KEAN NGUYEN,ONTARIO,ONTARIO,SMALL BUSINESS,1023
LAURA ARMSTRONG,ONTARIO,ONTARIO,SMALL BUSINESS,1024
VIVEK GRADY,ONTARIO,ONTARIO,CORPORATE,1025
LINDSAY SHAGIARI,ONTARIO,ONTARIO,HOME OFFICE,1026
CATHY PRESCOTT,ONTARIO,ONTARIO,CORPORATE,1027
LIZ WILLINGHAM,ONTARIO,ONTARIO,CORPORATE,1028
STEPHANIE ULPRIGHT,ONTARIO,ONTARIO,CONSUMER,1029
ODELLA NELSON,ONTARIO,ONTARIO,SMALL BUSINESS,1030
SALLY HUGHSBY,ONTARIO,ONTARIO,HOME OFFICE,1031
ARTHUR PRICHEP,ONTARIO,ONTARIO,SMALL BUSINESS,1032
RYAN AKIN,ONTARIO,ONTARIO,CONSUMER,1033
SCOTT COHEN,ONTARIO,ONTARIO,CONSUMER,1034
TODD SUMRALL,ONTARIO,ONTARIO,CONSUMER,1035
ALEJANDRO GROVE,ONTARIO,ONTARIO,CONSUMER,1036
TONY CHAPMAN,ONTARIO,ONTARIO,CONSUMER,1037
JOHN CASTELL,ONTARIO,ONTARIO,SMALL BUSINESS,1038
SARAH FOSTER,ONTARIO,ONTARIO,CORPORATE,1039
LAURA ARMSTRONG,ONTARIO,ONTARIO,CORPORATE,1040
JOHN CASTELL,ONTARIO,ONTARIO,CONSUMER,1041
GREG HANSEN,ONTARIO,ONTARIO,HOME OFFICE,1042
DARRIN MARTIN,ONTARIO,ONTARIO,SMALL BUSINESS,1043
KEN BRENNAN,ONTARIO,ONTARIO,CONSUMER,1044
MAX JONES,ONTARIO,ONTARIO,HOME OFFICE,1045
KEN BRENNAN,ONTARIO,ONTARIO,HOME OFFICE,1046
JOE KAMBEROVA,ONTARIO,ONTARIO,SMALL BUSINESS,1047
BARRY FRANZ,ONTARIO,ONTARIO,CORPORATE,1048
FILIA MCADAMS,ONTARIO,ONTARIO,SMALL BUSINESS,1049
MAUREEN FRITZLER,ONTARIO,ONTARIO,CORPORATE,1050
DENNIS BOLTON,ONTARIO,ONTARIO,SMALL BUSINESS,1051
ART FOSTER,ONTARIO,ONTARIO,HOME OFFICE,1052
ERICA HACKNEY,ONTARIO,ONTARIO,SMALL BUSINESS,1053
DON WEISS,ONTARIO,ONTARIO,CORPORATE,1054
JESSICA MYRICK,ONTARIO,ONTARIO,SMALL BUSINESS,1055
BRUCE DEGENHARDT,ONTARIO,ONTARIO,HOME OFFICE,1056
JENNA CAFFEY,ONTARIO,ONTARIO,CONSUMER,1057
KALYCA MEADE,ONTARIO,ONTARIO,CORPORATE,1058
TROY BLACKWELL,ONTARIO,ONTARIO,HOME OFFICE,1059
CLYTIE KELTY,ONTARIO,ONTARIO,SMALL BUSINESS,1060
MARK COUSINS,ONTARIO,ONTARIO,HOME OFFICE,1061
JIM SINK,ONTARIO,ONTARIO,CORPORATE,1062
STEVEN ROELLE,ONTARIO,ONTARIO,SMALL BUSINESS,1063
FRED WASSERMAN,ONTARIO,ONTARIO,HOME OFFICE,1064
BETH THOMPSON,ONTARIO,ONTARIO,CORPORATE,1065
PETE TAKAHITO,ONTARIO,ONTARIO,CORPORATE,1066
ROB HABERLIN,ONTARIO,ONTARIO,CONSUMER,1067
ROB HABERLIN,ONTARIO,ONTARIO,CORPORATE,1068
HALLIE REDMOND,ONTARIO,ONTARIO,HOME OFFICE,1069
KATRINA WILLMAN,ONTARIO,ONTARIO,CONSUMER,1070
BENJAMIN PATTERSON,ONTARIO,ONTARIO,CORPORATE,1071
MARK COUSINS,ONTARIO,ONTARIO,CORPORATE,1072
GENE MCCLURE,ONTARIO,ONTARIO,CONSUMER,1073
DENNY JOY,ONTARIO,ONTARIO,CORPORATE,1074
HALLIE REDMOND,ONTARIO,ONTARIO,SMALL BUSINESS,1075
AMY COX,ONTARIO,ONTARIO,HOME OFFICE,1076
KRISTEN HASTINGS,ONTARIO,ONTARIO,SMALL BUSINESS,1077
KRISTEN HASTINGS,ONTARIO,ONTARIO,CORPORATE,1078
BENJAMIN VENIER,ONTARIO,ONTARIO,SMALL BUSINESS,1079
KATHERINE MURRAY,ONTARIO,ONTARIO,HOME OFFICE,1080
ALAN SCHOENBERGER,ONTARIO,ONTARIO,CORPORATE,1081
MARK PACKER,ONTARIO,ONTARIO,SMALL BUSINESS,1082
ERIC BARRETO,ONTARIO,ONTARIO,SMALL BUSINESS,1083
KARL BROWN,ONTARIO,ONTARIO,CORPORATE,1084
KARL BROWN,ONTARIO,ONTARIO,HOME OFFICE,1085
BEN PETERMAN,ONTARIO,ONTARIO,CORPORATE,1086
DAVE POIRIER,ONTARIO,ONTARIO,SMALL BUSINESS,1087
AARON HAWKINS,ONTARIO,ONTARIO,HOME OFFICE,1088
RICK DUSTON,ONTARIO,ONTARIO,CORPORATE,1089
ALEX GRAYSON,ONTARIO,ONTARIO,CONSUMER,1090
DIANNA WILSON,ONTARIO,ONTARIO,SMALL BUSINESS,1091
ERICA HERNANDEZ,ONTARIO,ONTARIO,SMALL BUSINESS,1092
CHRISTY BRITTAIN,ONTARIO,ONTARIO,CONSUMER,1093
DAVID KENDRICK,ONTARIO,ONTARIO,HOME OFFICE,1094
PAUL LUCAS,ONTARIO,ONTARIO,CORPORATE,1095
RAYMOND FAIR,ONTARIO,ONTARIO,SMALL BUSINESS,1096
DEBRA CATINI,ONTARIO,ONTARIO,SMALL BUSINESS,1097
FRED MCMATH,ONTARIO,ONTARIO,SMALL BUSINESS,1098
ASTREA JONES,ONTARIO,ONTARIO,CORPORATE,1099
TROY STAEBEL,ONTARIO,ONTARIO,SMALL BUSINESS,1100
ALEJANDRO SAVELY,ONTARIO,ONTARIO,CORPORATE,1101
CHRIS CORTES,ONTARIO,ONTARIO,CONSUMER,1102
CRAIG YEDWAB,ONTARIO,ONTARIO,CONSUMER,1103
ALAN SHONELY,ONTARIO,ONTARIO,SMALL BUSINESS,1104
BECKY MARTIN,ONTARIO,ONTARIO,HOME OFFICE,1105
TONY MOLINARI,ONTARIO,ONTARIO,CORPORATE,1106
STEFANIA PERRINO,ONTARIO,ONTARIO,CORPORATE,1107
HUNTER LOPEZ,ONTARIO,ONTARIO,CONSUMER,1108
DIANNA ARNETT,ONTARIO,ONTARIO,HOME OFFICE,1109
GIULIETTA DORTCH,ONTARIO,ONTARIO,CORPORATE,1110
MICHAEL KENNEDY,ONTARIO,ONTARIO,CORPORATE,1111
ELENI MCCRARY,ONTARIO,ONTARIO,HOME OFFICE,1112
ELENI MCCRARY,ONTARIO,ONTARIO,CORPORATE,1113
GEORGE ZREBASSA,ONTARIO,ONTARIO,HOME OFFICE,1114
DEANRA ENO,ONTARIO,ONTARIO,CORPORATE,1115
SARA LUXEMBURG,ONTARIO,ONTARIO,SMALL BUSINESS,1116
PIERRE WENER,ONTARIO,ONTARIO,HOME OFFICE,1117
ERIC BARRETO,ONTARIO,ONTARIO,CONSUMER,1118
DAN CAMPBELL,ONTARIO,ONTARIO,SMALL BUSINESS,1119
PAUL KNUTSON,ONTARIO,ONTARIO,CORPORATE,1120
JENNIFER PATT,ONTARIO,ONTARIO,HOME OFFICE,1121
CHUCK SACHS,ONTARIO,ONTARIO,CONSUMER,1122
DENISE LEINENBACH,ONTARIO,ONTARIO,HOME OFFICE,1123
CATHY HWANG,ONTARIO,ONTARIO,HOME OFFICE,1124
EVAN HENRY,ONTARIO,ONTARIO,CORPORATE,1125
CARLOS MEADOR,ONTARIO,ONTARIO,CORPORATE,1126
BOBBY ELIAS,ONTARIO,ONTARIO,SMALL BUSINESS,1127
KEAN THORNTON,ONTARIO,ONTARIO,CORPORATE,1128
BRIAN STUGART,ONTARIO,ONTARIO,CORPORATE,1129
GRANT DONATELLI,ONTARIO,ONTARIO,CONSUMER,1130
JASON FORTUNE,ONTARIO,ONTARIO,CORPORATE,1131
DAVE BROOKS,ONTARIO,ONTARIO,CORPORATE,1132
JIM KARLSSON,ONTARIO,ONTARIO,SMALL BUSINESS,1133
PHILIP FOX,ONTARIO,ONTARIO,HOME OFFICE,1134
GRANT CARROLL,ONTARIO,ONTARIO,CORPORATE,1135
GRANT CARROLL,ONTARIO,ONTARIO,SMALL BUSINESS,1136
IONIA MCGRATH,NEW BRUNSWICK,ATLANTIC,HOME OFFICE,1137
LORI OLSON,NEW BRUNSWICK,ATLANTIC,CONSUMER,1138
QUINCY JONES,NEW BRUNSWICK,ATLANTIC,HOME OFFICE,1139
PATRICK JONES,NEW BRUNSWICK,ATLANTIC,HOME OFFICE,1140
IONIA MCGRATH,NEW BRUNSWICK,ATLANTIC,SMALL BUSINESS,1141
NATHAN MAUTZ,NEW BRUNSWICK,ATLANTIC,CORPORATE,1142
NATHAN MAUTZ,NEW BRUNSWICK,ATLANTIC,HOME OFFICE,1143
KAREN SEIO,NEW BRUNSWICK,ATLANTIC,CONSUMER,1144
KEN LONSDALE,NEW BRUNSWICK,ATLANTIC,CONSUMER,1145
PATRICK GARDNER,NEW BRUNSWICK,ATLANTIC,CONSUMER,1146
QUINCY JONES,NEW BRUNSWICK,ATLANTIC,CORPORATE,1147
NONA BALK,NEW BRUNSWICK,ATLANTIC,CORPORATE,1148
ERIN MULL,NEW BRUNSWICK,ATLANTIC,SMALL BUSINESS,1149
JOHN LEE,NEW BRUNSWICK,ATLANTIC,CORPORATE,1150
EMILY PHAN,NEW BRUNSWICK,ATLANTIC,CONSUMER,1151
ERIN MULL,NEW BRUNSWICK,ATLANTIC,CORPORATE,1152
JUSTIN DEGGELLER,NEW BRUNSWICK,ATLANTIC,CORPORATE,1153
TONY SAYRE,NEW BRUNSWICK,ATLANTIC,HOME OFFICE,1154
KEITH DAWKINS,MANITOBA,PRARIE,HOME OFFICE,1155
JOE ELIJAH,MANITOBA,PRARIE,HOME OFFICE,1156
SHERI GORDON,MANITOBA,PRARIE,CORPORATE,1157
STEFANIE HOLLOMAN,MANITOBA,PRARIE,SMALL BUSINESS,1158
KEN BLACK,MANITOBA,PRARIE,CONSUMER,1159
LINDSAY WILLIAMS,MANITOBA,PRARIE,CORPORATE,1160
LOGAN CURRIE,MANITOBA,PRARIE,SMALL BUSINESS,1161
STEVE CHAPMAN,MANITOBA,PRARIE,CORPORATE,1162
MARC CRIER,MANITOBA,PRARIE,CORPORATE,1163
DAVE BROOKS,MANITOBA,PRARIE,CORPORATE,1164
DEBORAH BRUMFIELD,MANITOBA,PRARIE,CORPORATE,1165
SCOT WOOTEN,MANITOBA,PRARIE,CORPORATE,1166
NICOLE BRENNAN,MANITOBA,PRARIE,CONSUMER,1167
JOHN LEE,MANITOBA,PRARIE,CORPORATE,1168
DENISE MONTON,MANITOBA,PRARIE,HOME OFFICE,1169
DEBORAH BRUMFIELD,MANITOBA,PRARIE,SMALL BUSINESS,1170
MARC CRIER,MANITOBA,PRARIE,CONSUMER,1171
CYNTHIA DELANEY,MANITOBA,PRARIE,CORPORATE,1172
ED BRAXTON,MANITOBA,PRARIE,HOME OFFICE,1173
ED BRAXTON,MANITOBA,PRARIE,CONSUMER,1174
PHILLIP FLATHMANN,MANITOBA,PRARIE,SMALL BUSINESS,1175
COREY CATLETT,MANITOBA,PRARIE,HOME OFFICE,1176
VALERIE TAKAHITO,MANITOBA,PRARIE,CONSUMER,1177
PENELOPE SEWALL,MANITOBA,PRARIE,HOME OFFICE,1178
SEAN BRAXTON,MANITOBA,PRARIE,SMALL BUSINESS,1179
VALERIE DOMINGUEZ,MANITOBA,PRARIE,CORPORATE,1180
SUSAN MACKENDRICK,MANITOBA,PRARIE,CORPORATE,1181
THAIS SISSMAN,MANITOBA,PRARIE,CORPORATE,1182
TANJA NORVELL,MANITOBA,PRARIE,CONSUMER,1183
LINDA SOUTHWORTH,MANITOBA,PRARIE,CONSUMER,1184
MICHAEL MOORE,MANITOBA,PRARIE,CORPORATE,1185
PATRICK RYAN,MANITOBA,PRARIE,CORPORATE,1186
TROY BLACKWELL,MANITOBA,PRARIE,HOME OFFICE,1187
THAIS SISSMAN,MANITOBA,PRARIE,SMALL BUSINESS,1188
ROSS BAIRD,MANITOBA,PRARIE,CORPORATE,1189
TRACY ZIC,MANITOBA,PRARIE,CONSUMER,1190
JACK GARZA,MANITOBA,PRARIE,CORPORATE,1191
GARY MCGARR,MANITOBA,PRARIE,HOME OFFICE,1192
MICK CREBAGGA,MANITOBA,PRARIE,HOME OFFICE,1193
ROY SKARIA,MANITOBA,PRARIE,CORPORATE,1194
STEVEN WARD,MANITOBA,PRARIE,CONSUMER,1195
TANJA NORVELL,MANITOBA,PRARIE,CORPORATE,1196
RYAN CROWE,MANITOBA,PRARIE,SMALL BUSINESS,1197
IRENE MADDOX,MANITOBA,PRARIE,CONSUMER,1198
NICK RADFORD,MANITOBA,PRARIE,CORPORATE,1199
THERESA SWINT,MANITOBA,PRARIE,CONSUMER,1200
MAURICE SATTY,MANITOBA,PRARIE,CORPORATE,1201
HENRY GOLDWYN,MANITOBA,PRARIE,SMALL BUSINESS,1202
VICTOR PRICE,MANITOBA,PRARIE,CONSUMER,1203
MAUREEN GRACE,MANITOBA,PRARIE,CORPORATE,1204
ERIC HOFFMANN,MANITOBA,PRARIE,SMALL BUSINESS,1205
JILL STEVENSON,MANITOBA,PRARIE,CONSUMER,1206
EVAN BAILLIET,MANITOBA,PRARIE,CORPORATE,1207
MEG TILLMAN,MANITOBA,PRARIE,SMALL BUSINESS,1208
RUSSELL D'ASCENZO,MANITOBA,PRARIE,CONSUMER,1209
GARY HWANG,MANITOBA,PRARIE,HOME OFFICE,1210
JOSEPH AIRDO,MANITOBA,PRARIE,CONSUMER,1211
EMILY DUCICH,MANITOBA,PRARIE,CONSUMER,1212
STEWART VISINSKY,MANITOBA,PRARIE,CORPORATE,1213
STEVEN CARTWRIGHT,MANITOBA,PRARIE,HOME OFFICE,1214
SUE ANN REED,MANITOBA,PRARIE,CONSUMER,1215
SANJIT ENGLE,MANITOBA,PRARIE,HOME OFFICE,1216
KATHERINE DUCICH,MANITOBA,PRARIE,CORPORATE,1217
MIKE GOCKENBACH,MANITOBA,PRARIE,CONSUMER,1218
TOM ZANDUSKY,MANITOBA,PRARIE,HOME OFFICE,1219
DENNY JOY,MANITOBA,PRARIE,CORPORATE,1220
HENIA ZYDLO,MANITOBA,PRARIE,HOME OFFICE,1221
TRACY COLLINS,MANITOBA,PRARIE,CONSUMER,1222
NATALIE WEBBER,MANITOBA,PRARIE,CONSUMER,1223
TOBY KNIGHT,MANITOBA,PRARIE,CONSUMER,1224
MARIA ZETTNER,MANITOBA,PRARIE,CORPORATE,1225
THEA HUDGINGS,MANITOBA,PRARIE,CONSUMER,1226
NATALIE WEBBER,MANITOBA,PRARIE,CORPORATE,1227
NORA PELLETIER,MANITOBA,PRARIE,CORPORATE,1228
MATTHEW CLASEN,MANITOBA,PRARIE,CONSUMER,1229
NORA PELLETIER,MANITOBA,PRARIE,HOME OFFICE,1230
MICK CREBAGGA,MANITOBA,PRARIE,CORPORATE,1231
JAMIE FRAZER,MANITOBA,PRARIE,SMALL BUSINESS,1232
MICHAEL OAKMAN,MANITOBA,PRARIE,SMALL BUSINESS,1233
JOSEPH AIRDO,MANITOBA,PRARIE,CORPORATE,1234
TRACY COLLINS,MANITOBA,PRARIE,CORPORATE,1235
RACHEL PAYNE,MANITOBA,PRARIE,CONSUMER,1236
CRAIG MOLINARI,MANITOBA,PRARIE,SMALL BUSINESS,1237
JOY DANIELS,MANITOBA,PRARIE,CORPORATE,1238
JILL FJELD,MANITOBA,PRARIE,HOME OFFICE,1239
GENE MCCLURE,MANITOBA,PRARIE,CONSUMER,1240
RICK BENSLEY,MANITOBA,PRARIE,CONSUMER,1241
THOMAS BRUMLEY,MANITOBA,PRARIE,CONSUMER,1242
DARRIN MARTIN,MANITOBA,PRARIE,SMALL BUSINESS,1243
JULIE KRIZ,MANITOBA,PRARIE,CORPORATE,1244
RUSSELL APPLEGATE,MANITOBA,PRARIE,SMALL BUSINESS,1245
ERIC BARRETO,MANITOBA,PRARIE,SMALL BUSINESS,1246
GENE MCCLURE,MANITOBA,PRARIE,HOME OFFICE,1247
TOBY KNIGHT,MANITOBA,PRARIE,CORPORATE,1248
MARIBETH SCHNELLING,MANITOBA,PRARIE,CORPORATE,1249
ARTHUR GAINER,MANITOBA,PRARIE,CONSUMER,1250
THERESA SWINT,MANITOBA,PRARIE,SMALL BUSINESS,1251
HARRY MARIE,MANITOBA,PRARIE,CONSUMER,1252
RACHEL PAYNE,MANITOBA,PRARIE,HOME OFFICE,1253
ELPIDA RITTENBACH,MANITOBA,PRARIE,CONSUMER,1254
RUSSELL APPLEGATE,MANITOBA,PRARIE,HOME OFFICE,1255
ROLAND MURRAY,MANITOBA,PRARIE,HOME OFFICE,1256
ARTHUR GAINER,MANITOBA,PRARIE,CORPORATE,1257
PETER FULLER,SASKACHEWAN,PRARIE,CONSUMER,1258
SAM CRAVEN,SASKACHEWAN,PRARIE,HOME OFFICE,1259
MITCH WILLINGHAM,SASKACHEWAN,PRARIE,CORPORATE,1260
JOHN DRYER,SASKACHEWAN,PRARIE,CORPORATE,1261
SUSAN GILCREST,SASKACHEWAN,PRARIE,HOME OFFICE,1262
KEN HEIDEL,SASKACHEWAN,PRARIE,CORPORATE,1263
PATRICK RYAN,SASKACHEWAN,PRARIE,CORPORATE,1264
RANDY BRADLEY,SASKACHEWAN,PRARIE,SMALL BUSINESS,1265
WILLIAM BROWN,SASKACHEWAN,PRARIE,CORPORATE,1266
RICK HANSEN,SASKACHEWAN,PRARIE,CORPORATE,1267
TOBY GRACE,SASKACHEWAN,PRARIE,HOME OFFICE,1268
JOSEPH HOLT,SASKACHEWAN,PRARIE,HOME OFFICE,1269
MAYA HERMAN,SASKACHEWAN,PRARIE,CORPORATE,1270
RICK HANSEN,SASKACHEWAN,PRARIE,HOME OFFICE,1271
ASHLEY JARBOE,SASKACHEWAN,PRARIE,SMALL BUSINESS,1272
RANDY BRADLEY,SASKACHEWAN,PRARIE,CORPORATE,1273
WILLIAM BROWN,SASKACHEWAN,PRARIE,HOME OFFICE,1274
ASHLEY JARBOE,SASKACHEWAN,PRARIE,HOME OFFICE,1275
PAULINE WEBBER,SASKACHEWAN,PRARIE,CONSUMER,1276
MATT COLLISTER,SASKACHEWAN,PRARIE,HOME OFFICE,1277
KEAN TAKAHITO,SASKACHEWAN,PRARIE,HOME OFFICE,1278
JULIA DUNBAR,SASKACHEWAN,PRARIE,CONSUMER,1279
NICK ZANDUSKY,SASKACHEWAN,PRARIE,SMALL BUSINESS,1280
PETER FULLER,SASKACHEWAN,PRARIE,CORPORATE,1281
NEOMA MURRAY,SASKACHEWAN,PRARIE,SMALL BUSINESS,1282
SUNG CHUNG,SASKACHEWAN,PRARIE,HOME OFFICE,1283
DARRIN VAN HUFF,SASKACHEWAN,PRARIE,HOME OFFICE,1284
BRIAN MOSS,SASKACHEWAN,PRARIE,CORPORATE,1285
MAX LUDWIG,SASKACHEWAN,PRARIE,CORPORATE,1286
MICHELLE MORAY,SASKACHEWAN,PRARIE,CORPORATE,1287
EVA JACOBS,SASKACHEWAN,PRARIE,HOME OFFICE,1288
CRAIG RIDER,SASKACHEWAN,PRARIE,SMALL BUSINESS,1289
MARIBETH YEDWAB,SASKACHEWAN,PRARIE,HOME OFFICE,1290
CINDY SCHNELLING,SASKACHEWAN,PRARIE,CORPORATE,1291
EUGENE MOREN,SASKACHEWAN,PRARIE,HOME OFFICE,1292
LIZ PRICE,SASKACHEWAN,PRARIE,CORPORATE,1293
LIZ PRICE,SASKACHEWAN,PRARIE,CONSUMER,1294
MARK VAN HUFF,SASKACHEWAN,PRARIE,HOME OFFICE,1295
STEFANIA PERRINO,SASKACHEWAN,PRARIE,CORPORATE,1296
MARK HAMILTON,SASKACHEWAN,PRARIE,HOME OFFICE,1297
CHUCK MAGEE,SASKACHEWAN,PRARIE,CORPORATE,1298
SUNG SHARIARI,SASKACHEWAN,PRARIE,CORPORATE,1299
NONA BALK,SASKACHEWAN,PRARIE,CORPORATE,1300
TOM STIVERS,SASKACHEWAN,PRARIE,SMALL BUSINESS,1301
RICHARD EICHHORN,SASKACHEWAN,PRARIE,CONSUMER,1302
NEIL FRENCH,SASKACHEWAN,PRARIE,CONSUMER,1303
NEIL FRENCH,SASKACHEWAN,PRARIE,CORPORATE,1304
NICOLE FJELD,SASKACHEWAN,PRARIE,SMALL BUSINESS,1305
SUZANNE MCNAIR,SASKACHEWAN,PRARIE,SMALL BUSINESS,1306
ANDY REITER,SASKACHEWAN,PRARIE,CORPORATE,1307
SUZANNE MCNAIR,SASKACHEWAN,PRARIE,CORPORATE,1308
SUSAN PISTEK,SASKACHEWAN,PRARIE,HOME OFFICE,1309
NICK CREBASSA,SASKACHEWAN,PRARIE,CORPORATE,1310
TOM STIVERS,SASKACHEWAN,PRARIE,CORPORATE,1311
ROB BEEGHLY,SASKACHEWAN,PRARIE,CONSUMER,1312
ALEKSANDRA GANNAWAY,SASKACHEWAN,PRARIE,HOME OFFICE,1313
ALEKSANDRA GANNAWAY,SASKACHEWAN,PRARIE,CORPORATE,1314
ROBERT WALDORF,SASKACHEWAN,PRARIE,HOME OFFICE,1315
BRENDA BOWMAN,SASKACHEWAN,PRARIE,SMALL BUSINESS,1316
CARL WEISS,SASKACHEWAN,PRARIE,CONSUMER,1317
JACK O'BRIANT,SASKACHEWAN,PRARIE,CONSUMER,1318
JOEL EATON,SASKACHEWAN,PRARIE,HOME OFFICE,1319
JUSTIN ELLISON,SASKACHEWAN,PRARIE,HOME OFFICE,1320
JENNIFER JACKSON,SASKACHEWAN,PRARIE,HOME OFFICE,1321
MICHAEL OAKMAN,SASKACHEWAN,PRARIE,SMALL BUSINESS,1322
JACK O'BRIANT,SASKACHEWAN,PRARIE,SMALL BUSINESS,1323
JACK O'BRIANT,SASKACHEWAN,PRARIE,HOME OFFICE,1324
KAREN BERN,SASKACHEWAN,PRARIE,CORPORATE,1325
KRISTEN HASTINGS,SASKACHEWAN,PRARIE,CORPORATE,1326
MEG TILLMAN,SASKACHEWAN,PRARIE,SMALL BUSINESS,1327
LIZ PELLETIER,SASKACHEWAN,PRARIE,CORPORATE,1328
JONATHAN DOHERTY,SASKACHEWAN,PRARIE,CORPORATE,1329
FRANK GASTINEAU,SASKACHEWAN,PRARIE,SMALL BUSINESS,1330
JANET LEE,SASKACHEWAN,PRARIE,CONSUMER,1331
RICK WILSON,SASKACHEWAN,PRARIE,CONSUMER,1332
LYCORIS SAUNDERS,SASKACHEWAN,PRARIE,CORPORATE,1333
MAXWELL SCHWARTZ,SASKACHEWAN,PRARIE,CORPORATE,1334
LIZ CARLISLE,SASKACHEWAN,PRARIE,CORPORATE,1335
NEIL KNUDSON,SASKACHEWAN,PRARIE,CORPORATE,1336
DENISE MONTON,SASKACHEWAN,PRARIE,HOME OFFICE,1337
LYCORIS SAUNDERS,SASKACHEWAN,PRARIE,HOME OFFICE,1338
KELLY COLLISTER,SASKACHEWAN,PRARIE,CONSUMER,1339
DENNIS PARDUE,SASKACHEWAN,PRARIE,CORPORATE,1340
DENNIS PARDUE,SASKACHEWAN,PRARIE,SMALL BUSINESS,1341
NEIL KNUDSON,SASKACHEWAN,PRARIE,HOME OFFICE,1342
JOHN HUSTON,SASKACHEWAN,PRARIE,CONSUMER,1343
MARYBETH SKACH,SASKACHEWAN,PRARIE,HOME OFFICE,1344
RICK WILSON,SASKACHEWAN,PRARIE,CORPORATE,1345
ANTHONY GARVERICK,SASKACHEWAN,PRARIE,SMALL BUSINESS,1346
LINDSAY CASTELL,SASKACHEWAN,PRARIE,SMALL BUSINESS,1347
JUSTIN DEGGELLER,SASKACHEWAN,PRARIE,CORPORATE,1348
LINDSAY CASTELL,SASKACHEWAN,PRARIE,CORPORATE,1349
LIZ PELLETIER,SASKACHEWAN,PRARIE,HOME OFFICE,1350
CRAIG CARREIRA,SASKACHEWAN,PRARIE,CORPORATE,1351
PAUL STEVENSON,SASKACHEWAN,PRARIE,CORPORATE,1352
GREG HANSEN,SASKACHEWAN,PRARIE,HOME OFFICE,1353
BILL EPLETT,SASKACHEWAN,PRARIE,CORPORATE,1354
JEREMY LONSDALE,SASKACHEWAN,PRARIE,CORPORATE,1355
IONIA MCGRATH,SASKACHEWAN,PRARIE,SMALL BUSINESS,1356
IONIA MCGRATH,SASKACHEWAN,PRARIE,HOME OFFICE,1357
EMILY GRADY,SASKACHEWAN,PRARIE,HOME OFFICE,1358
VALERIE TAKAHITO,SASKACHEWAN,PRARIE,CONSUMER,1359
LUKE SCHMIDT,SASKACHEWAN,PRARIE,HOME OFFICE,1360
KELLY ANDREADA,SASKACHEWAN,PRARIE,HOME OFFICE,1361
JASON KLAMCZYNSKI,SASKACHEWAN,PRARIE,SMALL BUSINESS,1362
TRACY HOPKINS,SASKACHEWAN,PRARIE,SMALL BUSINESS,1363
CRAIG LESLIE,SASKACHEWAN,PRARIE,CONSUMER,1364
MICHAEL GRACE,SASKACHEWAN,PRARIE,CORPORATE,1365
SAPHHIRA SHIFLEY,SASKACHEWAN,PRARIE,CORPORATE,1366
SAPHHIRA SHIFLEY,SASKACHEWAN,PRARIE,CONSUMER,1367
LAUREL BELTRAN,SASKACHEWAN,PRARIE,CONSUMER,1368
TRACY BLUMSTEIN,SASKACHEWAN,PRARIE,HOME OFFICE,1369
LARRY BLACKS,SASKACHEWAN,PRARIE,CONSUMER,1370
HAROLD DAHLEN,SASKACHEWAN,PRARIE,CORPORATE,1371
HAROLD DAHLEN,SASKACHEWAN,PRARIE,CONSUMER,1372
RICHARD BIERNER,SASKACHEWAN,PRARIE,SMALL BUSINESS,1373
TIFFANY HOUSE,SASKACHEWAN,PRARIE,CORPORATE,1374
ROY COLLINS,SASKACHEWAN,PRARIE,CORPORATE,1375
TOBY SWINDELL,SASKACHEWAN,PRARIE,SMALL BUSINESS,1376
SARAH BROWN,SASKACHEWAN,PRARIE,CONSUMER,1377
CHRISTINA ANDERSON,SASKACHEWAN,PRARIE,CORPORATE,1378
ROBERT DILBECK,SASKACHEWAN,PRARIE,CORPORATE,1379
RANDY FERGUSON,SASKACHEWAN,PRARIE,HOME OFFICE,1380
ARIANNE IRVING,SASKACHEWAN,PRARIE,CORPORATE,1381
RANDY FERGUSON,SASKACHEWAN,PRARIE,CORPORATE,1382
CYNTHIA ARNTZEN,SASKACHEWAN,PRARIE,SMALL BUSINESS,1383
ANDY GERBODE,SASKACHEWAN,PRARIE,CONSUMER,1384
AMY HUNT,SASKACHEWAN,PRARIE,HOME OFFICE,1385
CRAIG MOLINARI,SASKACHEWAN,PRARIE,SMALL BUSINESS,1386
TRUDY BROWN,SASKACHEWAN,PRARIE,SMALL BUSINESS,1387
AMY HUNT,SASKACHEWAN,PRARIE,SMALL BUSINESS,1388
PHILIP FOX,SASKACHEWAN,PRARIE,HOME OFFICE,1389
BRIAN DAHLEN,SASKACHEWAN,PRARIE,SMALL BUSINESS,1390
BETH FRITZLER,SASKACHEWAN,PRARIE,SMALL BUSINESS,1391
BROSINA HOFFMAN,SASKACHEWAN,PRARIE,CONSUMER,1392
AMY HUNT,SASKACHEWAN,PRARIE,CONSUMER,1393
CYNTHIA ARNTZEN,SASKACHEWAN,PRARIE,HOME OFFICE,1394
JENNIFER FERGUSON,SASKACHEWAN,PRARIE,CORPORATE,1395
PAUL PROST,SASKACHEWAN,PRARIE,CORPORATE,1396
TOBY CARLISLE,SASKACHEWAN,PRARIE,HOME OFFICE,1397
ANTHONY WITT,SASKACHEWAN,PRARIE,CORPORATE,1398
PHILLINA OBER,NEW BRUNSWICK,ATLANTIC,SMALL BUSINESS,1399
JIM EPP,NEW BRUNSWICK,ATLANTIC,SMALL BUSINESS,1400
MUHAMMED YEDWAB,NEW BRUNSWICK,ATLANTIC,CONSUMER,1401
MARIBETH SCHNELLING,NEW BRUNSWICK,ATLANTIC,CORPORATE,1402
DEANRA ENO,NEW BRUNSWICK,ATLANTIC,CORPORATE,1403
JAMES GALANG,NEW BRUNSWICK,ATLANTIC,CONSUMER,1404
KATRINA WILLMAN,NEW BRUNSWICK,ATLANTIC,CONSUMER,1405
NORA PRICE,NEW BRUNSWICK,ATLANTIC,HOME OFFICE,1406
LISA DECHERNEY,NEW BRUNSWICK,ATLANTIC,CORPORATE,1407
LYNN SMITH,NEW BRUNSWICK,ATLANTIC,CORPORATE,1408
CHRISTINA DEMOSS,NEW BRUNSWICK,ATLANTIC,HOME OFFICE,1409
CHRISTINE ABELMAN,NEW BRUNSWICK,ATLANTIC,CORPORATE,1410
NORA PRICE,NEW BRUNSWICK,ATLANTIC,SMALL BUSINESS,1411
MARIBETH DONA,NEW BRUNSWICK,ATLANTIC,HOME OFFICE,1412
PAULINE JOHNSON,NEW BRUNSWICK,ATLANTIC,CORPORATE,1413
JOCASTA RUPERT,NEW BRUNSWICK,ATLANTIC,CONSUMER,1414
LAUREL ELLISTON,NEW BRUNSWICK,ATLANTIC,CORPORATE,1415
GEORGIA ROSENBERG,NEW BRUNSWICK,ATLANTIC,CONSUMER,1416
ALLEN ARMOLD,NEW BRUNSWICK,ATLANTIC,HOME OFFICE,1417
ANEMONE RATNER,NEW BRUNSWICK,ATLANTIC,SMALL BUSINESS,1418
KATHERINE HUGHES,NEW BRUNSWICK,ATLANTIC,CONSUMER,1419
TRACY COLLINS,NEW BRUNSWICK,ATLANTIC,CONSUMER,1420
LIZ MACKENDRICK,NEW BRUNSWICK,ATLANTIC,CORPORATE,1421
ALAN HWANG,NEW BRUNSWICK,ATLANTIC,CORPORATE,1422
ALAN HWANG,NEW BRUNSWICK,ATLANTIC,SMALL BUSINESS,1423
TRACY COLLINS,NEW BRUNSWICK,ATLANTIC,CORPORATE,1424
RICHARD BIERNER,NEW BRUNSWICK,ATLANTIC,SMALL BUSINESS,1425
BRUCE STEWART,NEW BRUNSWICK,ATLANTIC,CORPORATE,1426
ALEKSANDRA GANNAWAY,NEW BRUNSWICK,ATLANTIC,CORPORATE,1427
BRENDAN SWEED,NEW BRUNSWICK,ATLANTIC,CONSUMER,1428
LAUREL ELLISTON,NEW BRUNSWICK,ATLANTIC,HOME OFFICE,1429
DEAN PERCER,NEW BRUNSWICK,ATLANTIC,HOME OFFICE,1430
LISA DECHERNEY,NEW BRUNSWICK,ATLANTIC,CONSUMER,1431
DEAN PERCER,NEW BRUNSWICK,ATLANTIC,CONSUMER,1432
AIMEE BIXBY,NEW BRUNSWICK,ATLANTIC,HOME OFFICE,1433
PHILLIP BREYER,NEW BRUNSWICK,ATLANTIC,CORPORATE,1434
CRAIG YEDWAB,YUKON,YUKON,CONSUMER,1435
DARIO MEDINA,YUKON,YUKON,SMALL BUSINESS,1436
ED BRAXTON,YUKON,YUKON,CONSUMER,1437
CINDY CHAPMAN,YUKON,YUKON,CONSUMER,1438
ASHLEY JARBOE,YUKON,YUKON,HOME OFFICE,1439
BENJAMIN FARHAT,YUKON,YUKON,HOME OFFICE,1440
CINDY CHAPMAN,YUKON,YUKON,CORPORATE,1441
BRUCE DEGENHARDT,YUKON,YUKON,HOME OFFICE,1442
DIANNA VITTORINI,YUKON,YUKON,CORPORATE,1443
CINDY STEWART,YUKON,YUKON,CORPORATE,1444
ED BRAXTON,YUKON,YUKON,HOME OFFICE,1445
QUINCY JONES,YUKON,YUKON,HOME OFFICE,1446
QUINCY JONES,YUKON,YUKON,SMALL BUSINESS,1447
QUINCY JONES,YUKON,YUKON,CORPORATE,1448
ROB WILLIAMS,YUKON,YUKON,HOME OFFICE,1449
BENJAMIN PATTERSON,YUKON,YUKON,CORPORATE,1450
ANNA CHUNG,YUKON,YUKON,HOME OFFICE,1451
RICARDO BLOCK,YUKON,YUKON,CORPORATE,1452
ASHLEY JARBOE,YUKON,YUKON,SMALL BUSINESS,1453
CRAIG YEDWAB,YUKON,YUKON,CORPORATE,1454
CINDY STEWART,YUKON,YUKON,CONSUMER,1455
TRUDY BELL,YUKON,YUKON,CONSUMER,1456
BRAD THOMAS,YUKON,YUKON,HOME OFFICE,1457
BART FOLK,YUKON,YUKON,CORPORATE,1458
PAUL LUCAS,YUKON,YUKON,CORPORATE,1459
DEAN PERCER,YUKON,YUKON,HOME OFFICE,1460
ROBERT BARROSO,YUKON,YUKON,SMALL BUSINESS,1461
BRAD THOMAS,YUKON,YUKON,CORPORATE,1462
DAVID KENDRICK,YUKON,YUKON,HOME OFFICE,1463
LUKE FOSTER,YUKON,YUKON,CORPORATE,1464
MAUREEN GASTINEAU,YUKON,YUKON,CONSUMER,1465
ED JACOBS,YUKON,YUKON,SMALL BUSINESS,1466
DAVE POIRIER,YUKON,YUKON,SMALL BUSINESS,1467
ALEKSANDRA GANNAWAY,YUKON,YUKON,CORPORATE,1468
KEAN THORNTON,YUKON,YUKON,CORPORATE,1469
ROB LUCAS,YUKON,YUKON,SMALL BUSINESS,1470
NORA PAIGE,YUKON,YUKON,SMALL BUSINESS,1471
ERIC BARRETO,YUKON,YUKON,CONSUMER,1472
SARA LUXEMBURG,YUKON,YUKON,SMALL BUSINESS,1473
ADAM HART,YUKON,YUKON,CORPORATE,1474
BOBBY ELIAS,YUKON,YUKON,SMALL BUSINESS,1475
ROLAND FJELD,YUKON,YUKON,CORPORATE,1476
BILL SHONELY,YUKON,YUKON,SMALL BUSINESS,1477
DENNY ORDWAY,YUKON,YUKON,SMALL BUSINESS,1478
BILL TYLER,YUKON,YUKON,CONSUMER,1479
ALAN SCHOENBERGER,YUKON,YUKON,CORPORATE,1480
CHARLES CRESTANI,YUKON,YUKON,CONSUMER,1481
CHRISTY BRITTAIN,YUKON,YUKON,CONSUMER,1482
BRADLEY DRUCKER,YUKON,YUKON,SMALL BUSINESS,1483
BRYAN SPRUELL,YUKON,YUKON,HOME OFFICE,1484
TOM PRESCOTT,YUKON,YUKON,SMALL BUSINESS,1485
ERIC BARRETO,YUKON,YUKON,SMALL BUSINESS,1486
KARL BROWN,YUKON,YUKON,CORPORATE,1487
THOMAS THORNTON,YUKON,YUKON,CONSUMER,1488
ANTHONY GARVERICK,YUKON,YUKON,SMALL BUSINESS,1489
TAMARA WILLINGHAM,YUKON,YUKON,CORPORATE,1490
DAN CAMPBELL,YUKON,YUKON,SMALL BUSINESS,1491
THEA HENDRICKS,YUKON,YUKON,HOME OFFICE,1492
GIULIETTA DORTCH,YUKON,YUKON,CORPORATE,1493
MARK HABERLIN,YUKON,YUKON,SMALL BUSINESS,1494
EVAN HENRY,YUKON,YUKON,CORPORATE,1495
GRANT THORNTON,YUKON,YUKON,CORPORATE,1496
GIULIETTA DORTCH,YUKON,YUKON,SMALL BUSINESS,1497
ELLIS BALLARD,YUKON,YUKON,CORPORATE,1498
ERIC MURDOCK,YUKON,YUKON,HOME OFFICE,1499
JILL FJELD,YUKON,YUKON,HOME OFFICE,1500
ANNE MCFARLAND,YUKON,YUKON,CONSUMER,1501
ASTREA JONES,YUKON,YUKON,CORPORATE,1502
PETER BUHLER,YUKON,YUKON,CONSUMER,1503
DEAN KATZ,YUKON,YUKON,HOME OFFICE,1504
KAREN CARLISLE,YUKON,YUKON,CORPORATE,1505
CARLOS MEADOR,YUKON,YUKON,CORPORATE,1506
GIULIETTA DORTCH,YUKON,YUKON,CONSUMER,1507
KARL BROWN,YUKON,YUKON,HOME OFFICE,1508
JENNIFER PATT,YUKON,YUKON,HOME OFFICE,1509
CYNTHIA VOLTZ,YUKON,YUKON,CORPORATE,1510
BARRY POND,YUKON,YUKON,CONSUMER,1511
TONY MOLINARI,YUKON,YUKON,CORPORATE,1512
JULIA BARNETT,YUKON,YUKON,CORPORATE,1513
JEREMY PISTEK,YUKON,YUKON,CORPORATE,1514
CYRA REITEN,YUKON,YUKON,CONSUMER,1515
DAN CAMPBELL,YUKON,YUKON,CORPORATE,1516
BRIAN STUGART,YUKON,YUKON,CONSUMER,1517
JULIA BARNETT,YUKON,YUKON,HOME OFFICE,1518
YANA SORENSEN,YUKON,YUKON,CORPORATE,1519
JONI WASSERMAN,YUKON,YUKON,CONSUMER,1520
AARON HAWKINS,YUKON,YUKON,HOME OFFICE,1521
VICTORIA PISTEKA,YUKON,YUKON,CORPORATE,1522
DAVE KIPP,YUKON,YUKON,CORPORATE,1523
SHIRLEY JACKSON,YUKON,YUKON,CORPORATE,1524
DAVID BREMER,YUKON,YUKON,CORPORATE,1525
DEANRA ENO,YUKON,YUKON,CORPORATE,1526
ALEKSANDRA GANNAWAY,YUKON,YUKON,HOME OFFICE,1527
BRIAN STUGART,YUKON,YUKON,CORPORATE,1528
JILL MATTHIAS,YUKON,YUKON,CONSUMER,1529
TIM TASLIMI,YUKON,YUKON,CORPORATE,1530
MUHAMMED LEE,YUKON,YUKON,CORPORATE,1531
JULIANA KROHN,YUKON,YUKON,CORPORATE,1532
DARRIN SAYRE,YUKON,YUKON,CONSUMER,1533
DUANE NOONAN,YUKON,YUKON,CORPORATE,1534
PAUL VAN HUGH,YUKON,YUKON,CORPORATE,1535
JANET MARTIN,YUKON,YUKON,CORPORATE,1536
COREY ROPER,YUKON,YUKON,SMALL BUSINESS,1537
DARREN BUDD,YUKON,YUKON,HOME OFFICE,1538
DARREN BUDD,YUKON,YUKON,CONSUMER,1539
HELEN ANDREADA,YUKON,YUKON,CORPORATE,1540
NICOLE BRENNAN,YUKON,YUKON,CONSUMER,1541
IVAN LISTON,YUKON,YUKON,CONSUMER,1542
BRENDAN MURRY,YUKON,YUKON,CORPORATE,1543
AMY COX,YUKON,YUKON,CORPORATE,1544
KAREN CARLISLE,YUKON,YUKON,HOME OFFICE,1545
TRACY HOPKINS,YUKON,YUKON,SMALL BUSINESS,1546
DAVE KIPP,YUKON,YUKON,CONSUMER,1547
TOM ASHBROOK,YUKON,YUKON,HOME OFFICE,1548
NICOLE BRENNAN,YUKON,YUKON,HOME OFFICE,1549
AMY COX,YUKON,YUKON,SMALL BUSINESS,1550
BARRY WEIRICH,YUKON,YUKON,CORPORATE,1551
ALLEN ARMOLD,YUKON,YUKON,HOME OFFICE,1552
MARIS LAWARE,YUKON,YUKON,HOME OFFICE,1553
MICK BROWN,YUKON,YUKON,CONSUMER,1554
CHRIS MCAFEE,YUKON,YUKON,CONSUMER,1555
SARA LUXEMBURG,YUKON,YUKON,CORPORATE,1556
DEBORAH BRUMFIELD,YUKON,YUKON,SMALL BUSINESS,1557
JAY FINE,YUKON,YUKON,CONSUMER,1558
BENJAMIN VENIER,YUKON,YUKON,SMALL BUSINESS,1559
SPEROS GORANITIS,YUKON,YUKON,CORPORATE,1560
PETE KRIZ,YUKON,YUKON,CORPORATE,1561
IRENE MADDOX,YUKON,YUKON,CONSUMER,1562
PATRICK BZOSTEK,YUKON,YUKON,CONSUMER,1563
MUHAMMED LEE,YUKON,YUKON,CONSUMER,1564
PETE KRIZ,BRITISH COLUMBIA,WEST,CORPORATE,1565
MARK HABERLIN,BRITISH COLUMBIA,WEST,SMALL BUSINESS,1566
EMILY BURNS,BRITISH COLUMBIA,WEST,HOME OFFICE,1567
DAVE KIPP,BRITISH COLUMBIA,WEST,CONSUMER,1568
DOUG O'CONNELL,BRITISH COLUMBIA,WEST,SMALL BUSINESS,1569
COREY LOCK,BRITISH COLUMBIA,WEST,HOME OFFICE,1570
KAREN CARLISLE,BRITISH COLUMBIA,WEST,CORPORATE,1571
MICK BROWN,BRITISH COLUMBIA,WEST,CONSUMER,1572
DEBORAH BRUMFIELD,BRITISH COLUMBIA,WEST,SMALL BUSINESS,1573
NICOLE BRENNAN,BRITISH COLUMBIA,WEST,HOME OFFICE,1574
JAY FINE,BRITISH COLUMBIA,WEST,CONSUMER,1575
JULIANA KROHN,BRITISH COLUMBIA,WEST,SMALL BUSINESS,1576
YANA SORENSEN,BRITISH COLUMBIA,WEST,CORPORATE,1577
BRADLEY DRUCKER,BRITISH COLUMBIA,WEST,SMALL BUSINESS,1578
ADAM HART,BRITISH COLUMBIA,WEST,CORPORATE,1579
BENJAMIN VENIER,BRITISH COLUMBIA,WEST,SMALL BUSINESS,1580
IVAN LISTON,BRITISH COLUMBIA,WEST,CONSUMER,1581
SARA LUXEMBURG,BRITISH COLUMBIA,WEST,SMALL BUSINESS,1582
TOM ASHBROOK,BRITISH COLUMBIA,WEST,HOME OFFICE,1583
JONI WASSERMAN,BRITISH COLUMBIA,WEST,CONSUMER,1584
ERIC MURDOCK,BRITISH COLUMBIA,WEST,HOME OFFICE,1585
BRAD THOMAS,BRITISH COLUMBIA,WEST,HOME OFFICE,1586
VICTORIA PISTEKA,BRITISH COLUMBIA,WEST,CORPORATE,1587
BARRY POND,BRITISH COLUMBIA,WEST,CONSUMER,1588
CHRIS MCAFEE,BRITISH COLUMBIA,WEST,CONSUMER,1589
KAREN CARLISLE,BRITISH COLUMBIA,WEST,HOME OFFICE,1590
BART FOLK,BRITISH COLUMBIA,WEST,CORPORATE,1591
BARRY WEIRICH,BRITISH COLUMBIA,WEST,CORPORATE,1592
MICHAEL STEWART,BRITISH COLUMBIA,WEST,SMALL BUSINESS,1593
DAVE POIRIER,BRITISH COLUMBIA,WEST,SMALL BUSINESS,1594
ALEKSANDRA GANNAWAY,BRITISH COLUMBIA,WEST,HOME OFFICE,1595
BRYAN SPRUELL,BRITISH COLUMBIA,WEST,HOME OFFICE,1596
CHRISTY BRITTAIN,BRITISH COLUMBIA,WEST,CONSUMER,1597
HAROLD DAHLEN,BRITISH COLUMBIA,WEST,CONSUMER,1598
BOBBY TRAFTON,BRITISH COLUMBIA,WEST,SMALL BUSINESS,1599
SPEROS GORANITIS,BRITISH COLUMBIA,WEST,CORPORATE,1600
GRANT THORNTON,BRITISH COLUMBIA,WEST,CORPORATE,1601
TOM PRESCOTT,BRITISH COLUMBIA,WEST,SMALL BUSINESS,1602
ALAN SCHOENBERGER,BRITISH COLUMBIA,WEST,CORPORATE,1603
PATRICK BZOSTEK,BRITISH COLUMBIA,WEST,CONSUMER,1604
TAMARA WILLINGHAM,BRITISH COLUMBIA,WEST,CORPORATE,1605
DENNY ORDWAY,BRITISH COLUMBIA,WEST,SMALL BUSINESS,1606
ROLAND FJELD,BRITISH COLUMBIA,WEST,CORPORATE,1607
ELIZABETH MOFFITT,BRITISH COLUMBIA,WEST,CONSUMER,1608
DAVID KENDRICK,BRITISH COLUMBIA,WEST,HOME OFFICE,1609
JULIA BARNETT,BRITISH COLUMBIA,WEST,HOME OFFICE,1610
SHIRLEY JACKSON,BRITISH COLUMBIA,WEST,CORPORATE,1611
BRENDAN MURRY,BRITISH COLUMBIA,WEST,CORPORATE,1612
JENNIFER PATT,BRITISH COLUMBIA,WEST,HOME OFFICE,1613
JEREMY PISTEK,BRITISH COLUMBIA,WEST,CORPORATE,1614
DAVID BREMER,BRITISH COLUMBIA,WEST,CORPORATE,1615
NORA PAIGE,BRITISH COLUMBIA,WEST,SMALL BUSINESS,1616
BOBBY TRAFTON,BRITISH COLUMBIA,WEST,CORPORATE,1617
ALEJANDRO SAVELY,BRITISH COLUMBIA,WEST,CORPORATE,1618
CHARLES CRESTANI,BRITISH COLUMBIA,WEST,CONSUMER,1619
MUHAMMED LEE,BRITISH COLUMBIA,WEST,CORPORATE,1620
MAUREEN GASTINEAU,BRITISH COLUMBIA,WEST,CONSUMER,1621
BERENIKE KAMPE,BRITISH COLUMBIA,WEST,CORPORATE,1622
BOBBY ELIAS,BRITISH COLUMBIA,WEST,SMALL BUSINESS,1623
NOEL STAAVOS,BRITISH COLUMBIA,WEST,HOME OFFICE,1624
DAMALA KOTSONIS,BRITISH COLUMBIA,WEST,CORPORATE,1625
JILL MATTHIAS,BRITISH COLUMBIA,WEST,CONSUMER,1626
TIM TASLIMI,BRITISH COLUMBIA,WEST,CORPORATE,1627
COREY CATLETT,BRITISH COLUMBIA,WEST,HOME OFFICE,1628
HAROLD DAHLEN,BRITISH COLUMBIA,WEST,CORPORATE,1629
DAN CAMPBELL,BRITISH COLUMBIA,WEST,SMALL BUSINESS,1630
MARIS LAWARE,BRITISH COLUMBIA,WEST,HOME OFFICE,1631
MARK PACKER,BRITISH COLUMBIA,WEST,SMALL BUSINESS,1632
JULIANA KROHN,BRITISH COLUMBIA,WEST,CORPORATE,1633
BILL SHONELY,BRITISH COLUMBIA,WEST,SMALL BUSINESS,1634
DEBRA CATINI,BRITISH COLUMBIA,WEST,SMALL BUSINESS,1635
EMILY PHAN,BRITISH COLUMBIA,WEST,CONSUMER,1636
KEITH HERRERA,BRITISH COLUMBIA,WEST,SMALL BUSINESS,1637
TONY MOLINARI,BRITISH COLUMBIA,WEST,CORPORATE,1638
RICK HUTHWAITE,BRITISH COLUMBIA,WEST,CORPORATE,1639
GEORGE ZREBASSA,BRITISH COLUMBIA,WEST,HOME OFFICE,1640
AARON HAWKINS,BRITISH COLUMBIA,WEST,HOME OFFICE,1641
DAN CAMPBELL,BRITISH COLUMBIA,WEST,CORPORATE,1642
TAMARA WILLINGHAM,BRITISH COLUMBIA,WEST,HOME OFFICE,1643
NICOLE BRENNAN,BRITISH COLUMBIA,WEST,CONSUMER,1644
PAUL VAN HUGH,BRITISH COLUMBIA,WEST,CONSUMER,1645
CYRA REITEN,BRITISH COLUMBIA,WEST,CONSUMER,1646
HELEN ANDREADA,BRITISH COLUMBIA,WEST,CORPORATE,1647
CHRIS CORTES,BRITISH COLUMBIA,WEST,CONSUMER,1648
KATHERINE DUCICH,BRITISH COLUMBIA,WEST,CORPORATE,1649
THOMAS THORNTON,BRITISH COLUMBIA,WEST,CONSUMER,1650
IRENE MADDOX,BRITISH COLUMBIA,WEST,CONSUMER,1651
ALLEN ARMOLD,BRITISH COLUMBIA,WEST,HOME OFFICE,1652
ERIC BARRETO,BRITISH COLUMBIA,WEST,CONSUMER,1653
RAYMOND FAIR,BRITISH COLUMBIA,WEST,SMALL BUSINESS,1654
TRACY HOPKINS,BRITISH COLUMBIA,WEST,SMALL BUSINESS,1655
NATALIE WEBBER,BRITISH COLUMBIA,WEST,CORPORATE,1656
BRAD THOMAS,BRITISH COLUMBIA,WEST,CORPORATE,1657
KEAN THORNTON,BRITISH COLUMBIA,WEST,CORPORATE,1658
ALYSSA TATE,BRITISH COLUMBIA,WEST,SMALL BUSINESS,1659
JULIA BARNETT,BRITISH COLUMBIA,WEST,CORPORATE,1660
ANNE MCFARLAND,BRITISH COLUMBIA,WEST,CONSUMER,1661
THEA HENDRICKS,BRITISH COLUMBIA,WEST,HOME OFFICE,1662
NATALIE WEBBER,BRITISH COLUMBIA,WEST,CONSUMER,1663
ERIC BARRETO,BRITISH COLUMBIA,WEST,SMALL BUSINESS,1664
ED JACOBS,BRITISH COLUMBIA,WEST,SMALL BUSINESS,1665
DEAN KATZ,BRITISH COLUMBIA,WEST,HOME OFFICE,1666
GIULIETTA DORTCH,BRITISH COLUMBIA,WEST,SMALL BUSINESS,1667
MUHAMMED LEE,BRITISH COLUMBIA,WEST,CONSUMER,1668
ART FOSTER,BRITISH COLUMBIA,WEST,HOME OFFICE,1669
EUGENE MOREN,BRITISH COLUMBIA,WEST,HOME OFFICE,1670
CAROL DARLEY,BRITISH COLUMBIA,WEST,SMALL BUSINESS,1671
MARIBETH DONA,BRITISH COLUMBIA,WEST,HOME OFFICE,1672
FRED HARTON,BRITISH COLUMBIA,WEST,HOME OFFICE,1673
ANDREW ALLEN,BRITISH COLUMBIA,WEST,CORPORATE,1674
ART MILLER,BRITISH COLUMBIA,WEST,CORPORATE,1675
SCOTT COHEN,BRITISH COLUMBIA,WEST,CONSUMER,1676
LAUREN LEATHERBURY,BRITISH COLUMBIA,WEST,CORPORATE,1677
GREG MATTHIAS,BRITISH COLUMBIA,WEST,HOME OFFICE,1678
CYNTHIA DELANEY,BRITISH COLUMBIA,WEST,CORPORATE,1679
ANTHONY RAWLES,BRITISH COLUMBIA,WEST,SMALL BUSINESS,1680
LAUREN LEATHERBURY,BRITISH COLUMBIA,WEST,HOME OFFICE,1681
BARRY BLUMSTEIN,BRITISH COLUMBIA,WEST,SMALL BUSINESS,1682
EVA JACOBS,BRITISH COLUMBIA,WEST,HOME OFFICE,1683
CAROL DARLEY,BRITISH COLUMBIA,WEST,HOME OFFICE,1684
DUANE NOONAN,BRITISH COLUMBIA,WEST,CORPORATE,1685
GREG MATTHIAS,BRITISH COLUMBIA,WEST,SMALL BUSINESS,1686
SANJIT JACOBS,BRITISH COLUMBIA,WEST,CONSUMER,1687
KEN LONSDALE,BRITISH COLUMBIA,WEST,CONSUMER,1688
CHRISTOPHER MARTINEZ,BRITISH COLUMBIA,WEST,HOME OFFICE,1689
RICARDO BLOCK,ALBERTA,WEST,CORPORATE,1690
ROGER BARCIO,ALBERTA,WEST,CORPORATE,1691
SUNG PAK,ALBERTA,WEST,SMALL BUSINESS,1692
TIM BROCKMAN,ALBERTA,WEST,CONSUMER,1693
VICTORIA PISTEKA,ALBERTA,WEST,CORPORATE,1694
SUNG CHUNG,ALBERTA,WEST,HOME OFFICE,1695
RESI POLKING,ALBERTA,WEST,SMALL BUSINESS,1696
ROGER DEMIR,ALBERTA,WEST,CONSUMER,1697
TAMARA MANNING,ALBERTA,WEST,CORPORATE,1698
SUE ANN REED,ALBERTA,WEST,CONSUMER,1699
JOHN MURRAY,ALBERTA,WEST,SMALL BUSINESS,1700
SHAUN CHANCE,ALBERTA,WEST,CORPORATE,1701
DARREN POWERS,ALBERTA,WEST,CORPORATE,1702
PENELOPE SEWALL,ALBERTA,WEST,HOME OFFICE,1703
MIKE PELLETIER,ALBERTA,WEST,CORPORATE,1704
TOM PRESCOTT,ALBERTA,WEST,SMALL BUSINESS,1705
SHARELLE ROACH,ALBERTA,WEST,HOME OFFICE,1706
PAULINE WEBBER,ALBERTA,WEST,CONSUMER,1707
QUINCY JONES,ALBERTA,WEST,SMALL BUSINESS,1708
LINDSAY CASTELL,ALBERTA,WEST,SMALL BUSINESS,1709
ADAM BELLAVANCE,ALBERTA,WEST,SMALL BUSINESS,1710
KEN DANA,ALBERTA,WEST,CORPORATE,1711
KEN DANA,ALBERTA,WEST,SMALL BUSINESS,1712
LINDSAY CASTELL,ALBERTA,WEST,CORPORATE,1713
LAUREL WORKMAN,ALBERTA,WEST,HOME OFFICE,1714
LISA RYAN,ALBERTA,WEST,HOME OFFICE,1715
MAX ENGLE,ALBERTA,WEST,CORPORATE,1716
HELEN WASSERMAN,ALBERTA,WEST,HOME OFFICE,1717
JULIA DUNBAR,ALBERTA,WEST,CONSUMER,1718
CARL WEISS,ALBERTA,WEST,CONSUMER,1719
CHUCK CLARK,ALBERTA,WEST,CORPORATE,1720
DARREN KOUTRAS,ALBERTA,WEST,CONSUMER,1721
ROLAND MURRAY,ALBERTA,WEST,HOME OFFICE,1722
DANIEL BYRD,ALBERTA,WEST,HOME OFFICE,1723
BOBBY ODEGARD,ALBERTA,WEST,CORPORATE,1724
CHLORIS KASTENSMIDT,ALBERTA,WEST,CONSUMER,1725
BOBBY ODEGARD,ALBERTA,WEST,CONSUMER,1726
ARTHUR GAINER,ALBERTA,WEST,CONSUMER,1727
LISA HAZARD,ALBERTA,WEST,HOME OFFICE,1728
MITCH GASTINEAU,ALBERTA,WEST,SMALL BUSINESS,1729
KATHARINE HARMS,ALBERTA,WEST,CONSUMER,1730
MATTHEW GRINSTEIN,ALBERTA,WEST,SMALL BUSINESS,1731
CATHY PRESCOTT,ALBERTA,WEST,CORPORATE,1732
LAUREN LEATHERBURY,ALBERTA,WEST,CORPORATE,1733
LAUREN LEATHERBURY,ALBERTA,WEST,HOME OFFICE,1734
MITCH GASTINEAU,ALBERTA,WEST,CORPORATE,1735
QUINCY JONES,ALBERTA,WEST,CORPORATE,1736
MARIA ETEZADI,ALBERTA,WEST,HOME OFFICE,1737
CARI MACINTYRE,ALBERTA,WEST,CORPORATE,1738
SAMPLE COMPANY A,ALBERTA,WEST,HOME OFFICE,1739
MARIA ZETTNER,ALBERTA,WEST,CORPORATE,1740
SONIA COOLEY,ALBERTA,WEST,CORPORATE,1741
SIBELLA PARKS,ALBERTA,WEST,SMALL BUSINESS,1742
HALLIE REDMOND,ALBERTA,WEST,HOME OFFICE,1743
HAROLD DAHLEN,ALBERTA,WEST,CORPORATE,1744
HALLIE REDMOND,ALBERTA,WEST,SMALL BUSINESS,1745
BECKY PAK,ALBERTA,WEST,CORPORATE,1746
HAROLD DAHLEN,ALBERTA,WEST,CONSUMER,1747
CLYTIE KELTY,ALBERTA,WEST,SMALL BUSINESS,1748
ADAM SHILLINGSBURG,ALBERTA,WEST,CORPORATE,1749
BROOKE GILLINGHAM,ALBERTA,WEST,SMALL BUSINESS,1750
TOM BOECKENHAUER,ALBERTA,WEST,CORPORATE,1751
ALEX RUSSELL,ALBERTA,WEST,HOME OFFICE,1752
ALEJANDRO BALLENTINE,ALBERTA,WEST,SMALL BUSINESS,1753
CLAIRE GOOD,ALBERTA,WEST,HOME OFFICE,1754
TRUDY BELL,ALBERTA,WEST,CONSUMER,1755
ALYSSA CROUSE,ALBERTA,WEST,CORPORATE,1756
CASSANDRA BRANDOW,ALBERTA,WEST,HOME OFFICE,1757
ADRIAN BARTON,ALBERTA,WEST,SMALL BUSINESS,1758
CATHERINE GLOTZBACH,ALBERTA,WEST,HOME OFFICE,1759
JENNA CAFFEY,ALBERTA,WEST,CONSUMER,1760
ROSE O'BRIAN,ALBERTA,WEST,HOME OFFICE,1761
VALERIE TAKAHITO,ALBERTA,WEST,CONSUMER,1762
RICK WILSON,ALBERTA,WEST,CONSUMER,1763
FRANK OLSEN,ALBERTA,WEST,SMALL BUSINESS,1764
RICK WILSON,ALBERTA,WEST,CORPORATE,1765
ERICA HACKNEY,ALBERTA,WEST,SMALL BUSINESS,1766
ALYSSA CROUSE,ALBERTA,WEST,HOME OFFICE,1767
KEN LONSDALE,ALBERTA,WEST,CONSUMER,1768
CARI SAYRE,ALBERTA,WEST,CORPORATE,1769
ALICE MCCARTHY,ALBERTA,WEST,CORPORATE,1770
FRANK MERWIN,ALBERTA,WEST,CONSUMER,1771
ANNIE THURMAN,ALBERTA,WEST,CONSUMER,1772
BRUCE MONEY,ALBERTA,WEST,CORPORATE,1773
KELLY WILLIAMS,ALBERTA,WEST,CORPORATE,1774
DANIEL LACY,ALBERTA,WEST,SMALL BUSINESS,1775
ANNIE THURMAN,ALBERTA,WEST,HOME OFFICE,1776
GEORGIA ROSENBERG,ALBERTA,WEST,CONSUMER,1777
CRAIG CARROLL,ALBERTA,WEST,CORPORATE,1778
CRAIG CARROLL,ALBERTA,WEST,SMALL BUSINESS,1779
CRAIG LESLIE,ALBERTA,WEST,CONSUMER,1780
EMILY GRADY,ALBERTA,WEST,HOME OFFICE,1781
LARRY TRON,ALBERTA,WEST,HOME OFFICE,1782
BRIAN DECHERNEY,ALBERTA,WEST,CORPORATE,1783
ANN STEELE,ALBERTA,WEST,CORPORATE,1784
CARI SAYRE,ALBERTA,WEST,HOME OFFICE,1785
LARRY TRON,ALBERTA,WEST,CORPORATE,1786
HAROLD PAWLAN,ALBERTA,WEST,SMALL BUSINESS,1787
FRANK MERWIN,ALBERTA,WEST,CORPORATE,1788
ANTHONY JACOBS,ALBERTA,WEST,HOME OFFICE,1789
KATRINA EDELMAN,ALBERTA,WEST,CORPORATE,1790
GRACE KELLY,ALBERTA,WEST,CONSUMER,1791
FRANK GASTINEAU,ALBERTA,WEST,SMALL BUSINESS,1792
RUBEN DARTT,ALBERTA,WEST,CORPORATE,1793
LIZ PELLETIER,ALBERTA,WEST,CORPORATE,1794
TONY SAYRE,ALBERTA,WEST,SMALL BUSINESS,1795
ROY PHAN,ALBERTA,WEST,CONSUMER,1796
CLAY CHEATHAM,ALBERTA,WEST,SMALL BUSINESS,1797
YOSEPH CARROLL,ALBERTA,WEST,CONSUMER,1798
RAYMOND BOOK,ALBERTA,WEST,CONSUMER,1799
ALAN DOMINGUEZ,ALBERTA,WEST,CORPORATE,1800
STEPHANIE PHELPS,ALBERTA,WEST,CONSUMER,1801
ADRIAN HANE,ALBERTA,WEST,CORPORATE,1802
TONJA TURNELL,ALBERTA,WEST,CONSUMER,1803
BRENDAN SWEED,ALBERTA,WEST,CONSUMER,1804
TONY SAYRE,ALBERTA,WEST,HOME OFFICE,1805
JIM KARLSSON,ALBERTA,WEST,SMALL BUSINESS,1806
ROY PHAN,ALBERTA,WEST,CORPORATE,1807
STEVEN ROELLE,ALBERTA,WEST,SMALL BUSINESS,1808
CHRISTOPHER CONANT,ALBERTA,WEST,CONSUMER,1809
ANDREW ROBERTS,ALBERTA,WEST,HOME OFFICE,1810
CYMA KINNEY,ALBERTA,WEST,SMALL BUSINESS,1811
CHRISTINE ABELMAN,ALBERTA,WEST,CORPORATE,1812
ERICA SMITH,ALBERTA,WEST,SMALL BUSINESS,1813
CHRISTOPHER CONANT,ALBERTA,WEST,HOME OFFICE,1814
SARAH BROWN,ALBERTA,WEST,CONSUMER,1815
SHUI TOM,ALBERTA,WEST,HOME OFFICE,1816
FRANK HAWLEY,ALBERTA,WEST,HOME OFFICE,1817
AARON BERGMAN,ALBERTA,WEST,CORPORATE,1818
VICTORIA BRENNAN,ALBERTA,WEST,SMALL BUSINESS,1819
ADRIAN SHAMI,ALBERTA,WEST,CONSUMER,1820
PHILLINA OBER,ALBERTA,WEST,SMALL BUSINESS,1821
ANDREW ROBERTS,ALBERTA,WEST,SMALL BUSINESS,1822
JEREMY LONSDALE,ALBERTA,WEST,CORPORATE,1823
SHUI TOM,ALBERTA,WEST,CONSUMER,1824
ANDY YOTOV,ALBERTA,WEST,CORPORATE,1825
NICOLE BRENNAN,ALBERTA,WEST,HOME OFFICE,1826
JESSICA MYRICK,ALBERTA,WEST,SMALL BUSINESS,1827
NICOLE BRENNAN,ALBERTA,WEST,CONSUMER,1828
JASON FORTUNE,ALBERTA,WEST,CORPORATE,1829
HARRY GREENE,ALBERTA,WEST,CORPORATE,1830
GRANT DONATELLI,ALBERTA,WEST,CONSUMER,1831
MICK BROWN,ALBERTA,WEST,CONSUMER,1832
